-- Seed Tỉa nốt 1 vào DB. SINH TỰ ĐỘNG từ src/elearn/tiaNot1Lessons.json
-- (đừng sửa tay; sửa JSON rồi chạy: node db/gen_tianot_seed.cjs)
-- Tạo/chỉnh chương (edu_modules) + bài (edu_course_lessons flow) + flows (slides).
-- Idempotent: id cố định + ON CONFLICT DO UPDATE. is_published=true. Course: 4e80d7ec-3b99-426a-a090-990d37eb24c0

-- Xuất bản Bài 1 (Nốt Mi) cho đồng bộ
UPDATE edu_course_lessons SET is_published = true WHERE id = '0d0604ff-bdb4-474a-a088-d9e699c698bb';

-- ===== Chương 1: Vùng nốt đầu tiên =====
INSERT INTO edu_modules (id, course_id, name, order_index)
VALUES ('d2fa1b1f-b3bc-4084-a130-71beb14c98f2', '4e80d7ec-3b99-426a-a090-990d37eb24c0', 'Chương 1: Vùng nốt đầu tiên', 0)
ON CONFLICT (id) DO UPDATE SET name = EXCLUDED.name, order_index = EXCLUDED.order_index;

-- Bài 2: Cụm Mi – Fa – Sol
INSERT INTO edu_course_lessons (id, module_id, title, lesson_type, order_index, is_published, tier)
VALUES ('a2710000-0000-4000-8000-000000000002', 'd2fa1b1f-b3bc-4084-a130-71beb14c98f2', 'Bài 2: Cụm Mi – Fa – Sol', 'flow', 1, true, 'free')
ON CONFLICT (id) DO UPDATE SET module_id = EXCLUDED.module_id, title = EXCLUDED.title, order_index = EXCLUDED.order_index, lesson_type = 'flow', is_published = true;

INSERT INTO flows (id, lesson_id, title, status, reward_xp, slides)
VALUES ('f2710000-0000-4000-8000-000000000002', 'a2710000-0000-4000-8000-000000000002', 'Bài 2: Cụm Mi – Fa – Sol', 'published', 10, '[{"id":"c1","order":1,"logic":"DAN","type":"callout","title":"Cụm Mi – Fa – Sol","interactive":{"variant":"teacher"},"content":"Bạn đã chơi được nốt <b>Mi</b>. Hôm nay thêm <b>2 nốt mới</b> ngay cạnh nó — <b>Fa</b> và <b>Sol</b> — để có <b>cụm nốt đầu tiên</b>. Cùng một dây vẫn tạo ra nhiều nốt khác nhau."},{"id":"c2","order":2,"logic":"NHAN","type":"note_show","title":"Mi — ôn lại","interactive":{"label":"Mi","freq":329.63,"string":1,"fret":0,"staff":7,"showStaff":true,"showFretboard":true,"caption":"<b>Mi</b> bạn đã biết — dây 1 <b>buông</b> (○). Nghe lại cho chắc tai."}},{"id":"c3","order":3,"logic":"NHAN","type":"note_show","title":"Fa — nốt mới","interactive":{"label":"Fa","freq":349.23,"string":1,"fret":1,"staff":8,"showStaff":true,"showFretboard":true,"caption":"<b>Fa</b> — nốt mới: cùng dây, bấm <b>ngăn 1</b>. Trên khuông, Fa nằm ngay <b>trên</b> Mi một bậc."}},{"id":"c4","order":4,"logic":"NHAN","type":"note_show","title":"Sol — nốt mới","interactive":{"label":"Sol","freq":392,"string":1,"fret":3,"staff":9,"showStaff":true,"showFretboard":true,"caption":"<b>Sol</b> — nốt mới: cùng dây, bấm <b>ngăn 3</b>. Cao hơn Fa một bậc nữa."}},{"id":"c5","order":5,"logic":"LAM","type":"note_practice","title":"Đánh theo: Mi – Fa – Sol","interactive":{"notes":[{"label":"Mi","freq":329.63,"string":1,"fret":0,"staff":7},{"label":"Fa","freq":349.23,"string":1,"fret":1,"staff":8},{"label":"Sol","freq":392,"string":1,"fret":3,"staff":9},{"label":"Mi","freq":329.63,"string":1,"fret":0,"staff":7},{"label":"Fa","freq":349.23,"string":1,"fret":1,"staff":8},{"label":"Sol","freq":392,"string":1,"fret":3,"staff":9}],"hint":"Nếu bạn đã biết nhạc lý: giai đoạn này ta chưa học trường độ, nên mọi nốt đều vẽ giống nhau — dù khi phát, có nốt ngân dài, có nốt ngắn. Đây là chủ ý; nốt đen, trắng, tròn sẽ học ở phần sau."}},{"id":"c6","order":6,"logic":"NGAM","type":"checklist","title":"Tự kiểm tra","interactive":{"items":["Mình gảy được 3 nốt Mi – Fa – Sol, tiếng rõ","Mình thấy 3 nốt đi LÊN dần trên khuông nhạc","Cùng một dây mà ra được 3 nốt khác nhau"]}},{"id":"c7","order":7,"logic":"DAN","type":"callout","title":"Lời thầy","interactive":{"variant":"teacher"},"content":"Giỏi lắm! Bạn đã có <b>cụm nốt đầu tiên</b>. Bài sau, ta ghép 3 nốt này thành một <b>câu nhạc</b> — để thấy nốt là để tạo giai điệu, không phải học thuộc."}]'::jsonb)
ON CONFLICT (id) DO UPDATE SET lesson_id = EXCLUDED.lesson_id, title = EXCLUDED.title, status = EXCLUDED.status, reward_xp = EXCLUDED.reward_xp, slides = EXCLUDED.slides;

-- Bài 3: Câu nhạc đầu tiên
INSERT INTO edu_course_lessons (id, module_id, title, lesson_type, order_index, is_published, tier)
VALUES ('a2710000-0000-4000-8000-000000000003', 'd2fa1b1f-b3bc-4084-a130-71beb14c98f2', 'Bài 3: Câu nhạc đầu tiên', 'flow', 2, true, 'free')
ON CONFLICT (id) DO UPDATE SET module_id = EXCLUDED.module_id, title = EXCLUDED.title, order_index = EXCLUDED.order_index, lesson_type = 'flow', is_published = true;

INSERT INTO flows (id, lesson_id, title, status, reward_xp, slides)
VALUES ('f2710000-0000-4000-8000-000000000003', 'a2710000-0000-4000-8000-000000000003', 'Bài 3: Câu nhạc đầu tiên', 'published', 10, '[{"id":"n1","order":1,"logic":"DAN","type":"callout","title":"Câu nhạc đầu tiên","interactive":{"variant":"teacher"},"content":"Ba nốt <b>Mi – Fa – Sol</b> không chỉ để học thuộc. Ghép lại, ta có một <b>câu nhạc</b>: <b>Mi – Fa – Sol – Fa – Mi</b> — đi lên rồi đi xuống."},{"id":"n2","order":2,"logic":"NGHI","type":"text","title":"Một giai điệu nhỏ","content":"<p style=\"font-size:16px;line-height:1.7;margin:0;color:#3A352F\">Đọc theo thứ tự: <b>Mi → Fa → Sol → Fa → Mi</b>.<br/>Đi <b>lên</b> 3 nốt rồi đi <b>xuống</b> lại. Đó đã là một giai điệu — nốt nhạc dùng để vậy đó.</p>"},{"id":"n3","order":3,"logic":"LAM","type":"note_practice","title":"Đánh theo câu nhạc","interactive":{"notes":[{"label":"Mi","freq":329.63,"string":1,"fret":0,"staff":7},{"label":"Fa","freq":349.23,"string":1,"fret":1,"staff":8},{"label":"Sol","freq":392,"string":1,"fret":3,"staff":9},{"label":"Fa","freq":349.23,"string":1,"fret":1,"staff":8},{"label":"Mi","freq":329.63,"string":1,"fret":0,"staff":7}]}},{"id":"n4","order":4,"logic":"NGAM","type":"checklist","title":"Tự kiểm tra","interactive":{"items":["Mình chơi liền được câu Mi – Fa – Sol – Fa – Mi","Mình nghe ra giai điệu đi lên rồi đi xuống"]}},{"id":"n5","order":5,"logic":"DAN","type":"callout","title":"Lời thầy","interactive":{"variant":"teacher"},"content":"Tuyệt! Bạn vừa chơi <b>câu nhạc đầu tiên</b>. Nốt nhạc là để <b>tạo giai điệu</b>, không phải học thuộc rời rạc. Bài sau ta thêm một cụm nốt mới."}]'::jsonb)
ON CONFLICT (id) DO UPDATE SET lesson_id = EXCLUDED.lesson_id, title = EXCLUDED.title, status = EXCLUDED.status, reward_xp = EXCLUDED.reward_xp, slides = EXCLUDED.slides;

-- Bài 4: Cụm Si – Đô – Rê
INSERT INTO edu_course_lessons (id, module_id, title, lesson_type, order_index, is_published, tier)
VALUES ('a2710000-0000-4000-8000-000000000004', 'd2fa1b1f-b3bc-4084-a130-71beb14c98f2', 'Bài 4: Cụm Si – Đô – Rê', 'flow', 3, true, 'free')
ON CONFLICT (id) DO UPDATE SET module_id = EXCLUDED.module_id, title = EXCLUDED.title, order_index = EXCLUDED.order_index, lesson_type = 'flow', is_published = true;

INSERT INTO flows (id, lesson_id, title, status, reward_xp, slides)
VALUES ('f2710000-0000-4000-8000-000000000004', 'a2710000-0000-4000-8000-000000000004', 'Bài 4: Cụm Si – Đô – Rê', 'published', 10, '[{"id":"d1","order":1,"logic":"DAN","type":"callout","title":"Cụm Si – Đô – Rê","interactive":{"variant":"teacher"},"content":"Thêm một <b>cụm nốt mới</b>: <b>Si – Đô – Rê</b>. Cụm này nằm <b>thấp hơn</b> Mi – Fa – Sol một chút trên khuông nhạc."},{"id":"d2","order":2,"logic":"NHAN","type":"note_show","title":"Si","interactive":{"label":"Si","freq":246.94,"string":2,"fret":0,"staff":4,"showStaff":true,"showFretboard":true,"caption":"<b>Si</b> — dây 2 <b>buông</b> (○). Trên khuông, Si nằm ở <b>dòng kẻ giữa</b>."}},{"id":"d3","order":3,"logic":"NHAN","type":"note_show","title":"Đô","interactive":{"label":"Đô","freq":261.63,"string":2,"fret":1,"staff":5,"showStaff":true,"showFretboard":true,"caption":"<b>Đô</b> — cùng dây, bấm <b>ngăn 1</b>. Ngay trên Si một bậc."}},{"id":"d4","order":4,"logic":"NHAN","type":"note_show","title":"Rê","interactive":{"label":"Rê","freq":293.66,"string":2,"fret":3,"staff":6,"showStaff":true,"showFretboard":true,"caption":"<b>Rê</b> — cùng dây, bấm <b>ngăn 3</b>. Cao hơn Đô một bậc nữa."}},{"id":"d5","order":5,"logic":"LAM","type":"note_practice","title":"Đánh theo: Si – Đô – Rê","interactive":{"notes":[{"label":"Si","freq":246.94,"string":2,"fret":0,"staff":4},{"label":"Đô","freq":261.63,"string":2,"fret":1,"staff":5},{"label":"Rê","freq":293.66,"string":2,"fret":3,"staff":6},{"label":"Si","freq":246.94,"string":2,"fret":0,"staff":4},{"label":"Đô","freq":261.63,"string":2,"fret":1,"staff":5},{"label":"Rê","freq":293.66,"string":2,"fret":3,"staff":6}]}},{"id":"d6","order":6,"logic":"NGAM","type":"checklist","title":"Tự kiểm tra","interactive":{"items":["Mình gảy được Si – Đô – Rê, tiếng rõ","Mình thấy cụm này nằm thấp hơn Mi – Fa – Sol trên khuông"]}},{"id":"d7","order":7,"logic":"DAN","type":"callout","title":"Lời thầy","interactive":{"variant":"teacher"},"content":"Tốt lắm! Giờ bạn có <b>2 cụm nốt</b>. Bài sau ta gộp chúng thành một <b>vùng nốt</b> liền mạch."}]'::jsonb)
ON CONFLICT (id) DO UPDATE SET lesson_id = EXCLUDED.lesson_id, title = EXCLUDED.title, status = EXCLUDED.status, reward_xp = EXCLUDED.reward_xp, slides = EXCLUDED.slides;

-- Bài 5: Vùng nốt đầu tiên
INSERT INTO edu_course_lessons (id, module_id, title, lesson_type, order_index, is_published, tier)
VALUES ('a2710000-0000-4000-8000-000000000005', 'd2fa1b1f-b3bc-4084-a130-71beb14c98f2', 'Bài 5: Vùng nốt đầu tiên', 'flow', 4, true, 'free')
ON CONFLICT (id) DO UPDATE SET module_id = EXCLUDED.module_id, title = EXCLUDED.title, order_index = EXCLUDED.order_index, lesson_type = 'flow', is_published = true;

INSERT INTO flows (id, lesson_id, title, status, reward_xp, slides)
VALUES ('f2710000-0000-4000-8000-000000000005', 'a2710000-0000-4000-8000-000000000005', 'Bài 5: Vùng nốt đầu tiên', 'published', 10, '[{"id":"v1","order":1,"logic":"DAN","type":"callout","title":"Vùng nốt đầu tiên","interactive":{"variant":"teacher"},"content":"Gộp 2 cụm lại, ta có <b>vùng nốt đầu tiên</b>: <b>Si – Đô – Rê – Mi – Fa – Sol</b>. Một <b>vùng âm thanh</b> liền mạch — hãy nghĩ theo vùng, đừng nghĩ theo dây."},{"id":"v2","order":2,"logic":"NGHI","type":"text","title":"6 nốt đi lên","content":"<p style=\"font-size:16px;line-height:1.7;margin:0;color:#3A352F\">Sáu nốt đi <b>lên dần</b>: Si → Đô → Rê → Mi → Fa → Sol.<br/>Ba nốt đầu ở một dây, ba nốt sau ở dây cạnh — nhưng tai ta chỉ nghe <b>một vùng đi lên</b>.</p>"},{"id":"v3","order":3,"logic":"LAM","type":"note_practice","title":"Đánh theo cả vùng","interactive":{"notes":[{"label":"Si","freq":246.94,"string":2,"fret":0,"staff":4},{"label":"Đô","freq":261.63,"string":2,"fret":1,"staff":5},{"label":"Rê","freq":293.66,"string":2,"fret":3,"staff":6},{"label":"Mi","freq":329.63,"string":1,"fret":0,"staff":7},{"label":"Fa","freq":349.23,"string":1,"fret":1,"staff":8},{"label":"Sol","freq":392,"string":1,"fret":3,"staff":9}]}},{"id":"v4","order":4,"logic":"NGAM","type":"checklist","title":"Tự kiểm tra","interactive":{"items":["Mình chơi liền 6 nốt Si → Sol, đi lên đều","Mình thấy đây là một vùng âm thanh, không phải các dây rời rạc"]}},{"id":"v5","order":5,"logic":"DAN","type":"callout","title":"Lời thầy","interactive":{"variant":"teacher"},"content":"Rất vững! Bạn đã nắm <b>vùng nốt đầu tiên</b>. Bài cuối chương, ta đọc một <b>câu nhạc nhảy qua lại 2 dây</b> — năng lực thật khi tỉa nốt."}]'::jsonb)
ON CONFLICT (id) DO UPDATE SET lesson_id = EXCLUDED.lesson_id, title = EXCLUDED.title, status = EXCLUDED.status, reward_xp = EXCLUDED.reward_xp, slides = EXCLUDED.slides;

-- Bài 6: Đọc câu nhạc qua 2 dây
INSERT INTO edu_course_lessons (id, module_id, title, lesson_type, order_index, is_published, tier)
VALUES ('a2710000-0000-4000-8000-000000000006', 'd2fa1b1f-b3bc-4084-a130-71beb14c98f2', 'Bài 6: Đọc câu nhạc qua 2 dây', 'flow', 5, true, 'free')
ON CONFLICT (id) DO UPDATE SET module_id = EXCLUDED.module_id, title = EXCLUDED.title, order_index = EXCLUDED.order_index, lesson_type = 'flow', is_published = true;

INSERT INTO flows (id, lesson_id, title, status, reward_xp, slides)
VALUES ('f2710000-0000-4000-8000-000000000006', 'a2710000-0000-4000-8000-000000000006', 'Bài 6: Đọc câu nhạc qua 2 dây', 'published', 10, '[{"id":"t1","order":1,"logic":"DAN","type":"callout","title":"Câu nhạc qua 2 dây","interactive":{"variant":"teacher"},"content":"Bài hát thật luôn <b>nhảy qua lại</b> giữa các dây. Thử câu <b>Mi – Rê – Đô – Rê – Mi</b> — đi xuống dây cạnh rồi quay về."},{"id":"t2","order":2,"logic":"NGHI","type":"text","title":"Chuyển dây","content":"<p style=\"font-size:16px;line-height:1.7;margin:0;color:#3A352F\"><b>Mi</b> nằm một dây; <b>Rê</b> và <b>Đô</b> nằm dây cạnh.<br/>Đọc nốt là <b>chuyển dây</b> mượt theo giai điệu — đây mới là năng lực thật của tỉa nốt.</p>"},{"id":"t3","order":3,"logic":"LAM","type":"note_practice","title":"Đánh theo: Mi – Rê – Đô – Rê – Mi","interactive":{"notes":[{"label":"Mi","freq":329.63,"string":1,"fret":0,"staff":7},{"label":"Rê","freq":293.66,"string":2,"fret":3,"staff":6},{"label":"Đô","freq":261.63,"string":2,"fret":1,"staff":5},{"label":"Rê","freq":293.66,"string":2,"fret":3,"staff":6},{"label":"Mi","freq":329.63,"string":1,"fret":0,"staff":7}]}},{"id":"t4","order":4,"logic":"NGAM","type":"checklist","title":"Tự kiểm tra","interactive":{"items":["Mình chuyển được giữa 2 dây mà tiếng vẫn đều","Mình chơi liền câu Mi – Rê – Đô – Rê – Mi"]}},{"id":"t5","order":5,"logic":"DAN","type":"callout","title":"Lời thầy","interactive":{"variant":"teacher"},"content":"Xuất sắc! Bạn đã đọc và chơi được một câu nhạc <b>qua 2 dây</b>. Đây là nền của mọi bài tỉa nốt về sau — nốt nối thành giai điệu, dây chỉ là nơi đặt ngón."}]'::jsonb)
ON CONFLICT (id) DO UPDATE SET lesson_id = EXCLUDED.lesson_id, title = EXCLUDED.title, status = EXCLUDED.status, reward_xp = EXCLUDED.reward_xp, slides = EXCLUDED.slides;

-- ===== Chương 2: Mở rộng vùng nốt =====
INSERT INTO edu_modules (id, course_id, name, order_index)
VALUES ('c2710000-0000-4000-8000-000000000001', '4e80d7ec-3b99-426a-a090-990d37eb24c0', 'Chương 2: Mở rộng vùng nốt', 1)
ON CONFLICT (id) DO UPDATE SET name = EXCLUDED.name, order_index = EXCLUDED.order_index;

-- Bài 1: Cụm Sol – La
INSERT INTO edu_course_lessons (id, module_id, title, lesson_type, order_index, is_published, tier)
VALUES ('a2720000-0000-4000-8000-000000000001', 'c2710000-0000-4000-8000-000000000001', 'Bài 1: Cụm Sol – La', 'flow', 0, true, 'free')
ON CONFLICT (id) DO UPDATE SET module_id = EXCLUDED.module_id, title = EXCLUDED.title, order_index = EXCLUDED.order_index, lesson_type = 'flow', is_published = true;

INSERT INTO flows (id, lesson_id, title, status, reward_xp, slides)
VALUES ('f2720000-0000-4000-8000-000000000001', 'a2720000-0000-4000-8000-000000000001', 'Bài 1: Cụm Sol – La', 'published', 10, '[{"id":"s1","order":1,"logic":"DAN","type":"callout","title":"Mở rộng xuống dưới","interactive":{"variant":"teacher"},"content":"Bạn đã chơi vùng nốt cao (Si → Sol). Giờ ta <b>mở rộng xuống dưới</b> — thêm 2 nốt <b>thấp hơn</b>: <b>Sol</b> và <b>La</b>, nằm ở dây dày hơn."},{"id":"s2","order":2,"logic":"NHAN","type":"note_show","title":"Sol (thấp)","interactive":{"label":"Sol","freq":196,"string":3,"fret":0,"staff":2,"showStaff":true,"showFretboard":true,"caption":"<b>Sol</b> (thấp) — dây 3 <b>buông</b> (○). Nằm <b>thấp</b> trên khuông. Đây là Sol thấp hơn Sol cao đã học một quãng tám."}},{"id":"s3","order":3,"logic":"NHAN","type":"note_show","title":"La","interactive":{"label":"La","freq":220,"string":3,"fret":2,"staff":3,"showStaff":true,"showFretboard":true,"caption":"<b>La</b> — cùng dây, bấm <b>ngăn 2</b>. Ngay trên Sol một bậc."}},{"id":"s4","order":4,"logic":"LAM","type":"note_practice","title":"Đánh theo: Sol – La – Si","interactive":{"notes":[{"label":"Sol","freq":196,"string":3,"fret":0,"staff":2},{"label":"La","freq":220,"string":3,"fret":2,"staff":3},{"label":"Si","freq":246.94,"string":2,"fret":0,"staff":4},{"label":"Sol","freq":196,"string":3,"fret":0,"staff":2},{"label":"La","freq":220,"string":3,"fret":2,"staff":3},{"label":"Si","freq":246.94,"string":2,"fret":0,"staff":4}]}},{"id":"s5","order":5,"logic":"NGAM","type":"checklist","title":"Tự kiểm tra","interactive":{"items":["Mình gảy được Sol – La, tiếng rõ","Mình nghe ra chúng THẤP hơn vùng nốt cao","Sol – La nối lên được Si (nốt đã học)"]}},{"id":"s6","order":6,"logic":"DAN","type":"callout","title":"Lời thầy","interactive":{"variant":"teacher"},"content":"Tốt! Hai nốt này nối liền xuống dưới vùng cũ. Bài sau thêm vài nốt thấp hơn nữa."}]'::jsonb)
ON CONFLICT (id) DO UPDATE SET lesson_id = EXCLUDED.lesson_id, title = EXCLUDED.title, status = EXCLUDED.status, reward_xp = EXCLUDED.reward_xp, slides = EXCLUDED.slides;

-- Bài 2: Cụm Rê – Mi – Fa
INSERT INTO edu_course_lessons (id, module_id, title, lesson_type, order_index, is_published, tier)
VALUES ('a2720000-0000-4000-8000-000000000002', 'c2710000-0000-4000-8000-000000000001', 'Bài 2: Cụm Rê – Mi – Fa', 'flow', 1, true, 'free')
ON CONFLICT (id) DO UPDATE SET module_id = EXCLUDED.module_id, title = EXCLUDED.title, order_index = EXCLUDED.order_index, lesson_type = 'flow', is_published = true;

INSERT INTO flows (id, lesson_id, title, status, reward_xp, slides)
VALUES ('f2720000-0000-4000-8000-000000000002', 'a2720000-0000-4000-8000-000000000002', 'Bài 2: Cụm Rê – Mi – Fa', 'published', 10, '[{"id":"r1","order":1,"logic":"DAN","type":"callout","title":"Xuống thấp hơn nữa","interactive":{"variant":"teacher"},"content":"Thêm 3 nốt <b>thấp hơn nữa</b> ở dây dày hơn: <b>Rê – Mi – Fa</b>. Chúng nằm ở <b>đáy khuông nhạc</b>."},{"id":"r2","order":2,"logic":"NHAN","type":"note_show","title":"Rê","interactive":{"label":"Rê","freq":146.83,"string":4,"fret":0,"staff":-1,"showStaff":true,"showFretboard":true,"caption":"<b>Rê</b> — dây 4 <b>buông</b> (○). Nằm ngay <b>dưới dòng kẻ cuối</b> của khuông — nốt thấp nhất bài này."}},{"id":"r3","order":3,"logic":"NHAN","type":"note_show","title":"Mi (thấp)","interactive":{"label":"Mi","freq":164.81,"string":4,"fret":2,"staff":0,"showStaff":true,"showFretboard":true,"caption":"<b>Mi</b> (thấp) — cùng dây, bấm <b>ngăn 2</b>. Nằm <b>trên dòng kẻ cuối</b>. Thấp hơn Mi cao đã học một quãng tám."}},{"id":"r4","order":4,"logic":"NHAN","type":"note_show","title":"Fa (thấp)","interactive":{"label":"Fa","freq":174.61,"string":4,"fret":3,"staff":1,"showStaff":true,"showFretboard":true,"caption":"<b>Fa</b> (thấp) — cùng dây, bấm <b>ngăn 3</b>. Cao hơn Mi một bậc."}},{"id":"r5","order":5,"logic":"LAM","type":"note_practice","title":"Đánh theo: Rê – Mi – Fa","interactive":{"notes":[{"label":"Rê","freq":146.83,"string":4,"fret":0,"staff":-1},{"label":"Mi","freq":164.81,"string":4,"fret":2,"staff":0},{"label":"Fa","freq":174.61,"string":4,"fret":3,"staff":1},{"label":"Fa","freq":174.61,"string":4,"fret":3,"staff":1},{"label":"Mi","freq":164.81,"string":4,"fret":2,"staff":0},{"label":"Rê","freq":146.83,"string":4,"fret":0,"staff":-1}]}},{"id":"r6","order":6,"logic":"NGAM","type":"checklist","title":"Tự kiểm tra","interactive":{"items":["Mình gảy được Rê – Mi – Fa, tiếng rõ","Mình thấy Rê nằm dưới dòng kẻ cuối khuông"]}},{"id":"r7","order":7,"logic":"DAN","type":"callout","title":"Lời thầy","interactive":{"variant":"teacher"},"content":"Giỏi! Giờ bạn đọc được cả nốt <b>dưới khuông</b>. Bài sau gộp thành một vùng liền mạch."}]'::jsonb)
ON CONFLICT (id) DO UPDATE SET lesson_id = EXCLUDED.lesson_id, title = EXCLUDED.title, status = EXCLUDED.status, reward_xp = EXCLUDED.reward_xp, slides = EXCLUDED.slides;

-- Bài 3: Vùng nốt mở rộng
INSERT INTO edu_course_lessons (id, module_id, title, lesson_type, order_index, is_published, tier)
VALUES ('a2720000-0000-4000-8000-000000000003', 'c2710000-0000-4000-8000-000000000001', 'Bài 3: Vùng nốt mở rộng', 'flow', 2, true, 'free')
ON CONFLICT (id) DO UPDATE SET module_id = EXCLUDED.module_id, title = EXCLUDED.title, order_index = EXCLUDED.order_index, lesson_type = 'flow', is_published = true;

INSERT INTO flows (id, lesson_id, title, status, reward_xp, slides)
VALUES ('f2720000-0000-4000-8000-000000000003', 'a2720000-0000-4000-8000-000000000003', 'Bài 3: Vùng nốt mở rộng', 'published', 10, '[{"id":"v1","order":1,"logic":"DAN","type":"callout","title":"Vùng nốt mở rộng","interactive":{"variant":"teacher"},"content":"Gộp lại: <b>Rê – Mi – Fa – Sol – La</b> — một vùng nốt <b>thấp hơn</b>, nối ngay dưới vùng đã học."},{"id":"v2","order":2,"logic":"NGHI","type":"text","title":"5 nốt đi lên","content":"<p style=\"font-size:16px;line-height:1.7;margin:0;color:#3A352F\">Năm nốt đi <b>lên dần</b>: Rê → Mi → Fa → Sol → La. Hai nốt đầu ở dây dày, ba nốt sau nhích lên dây cạnh — tai chỉ nghe <b>một vùng đi lên</b>.</p>"},{"id":"v3","order":3,"logic":"LAM","type":"note_practice","title":"Đánh theo cả vùng","interactive":{"notes":[{"label":"Rê","freq":146.83,"string":4,"fret":0,"staff":-1},{"label":"Mi","freq":164.81,"string":4,"fret":2,"staff":0},{"label":"Fa","freq":174.61,"string":4,"fret":3,"staff":1},{"label":"Sol","freq":196,"string":3,"fret":0,"staff":2},{"label":"La","freq":220,"string":3,"fret":2,"staff":3}]}},{"id":"v4","order":4,"logic":"NGAM","type":"checklist","title":"Tự kiểm tra","interactive":{"items":["Mình chơi liền 5 nốt Rê → La, đi lên đều","Mình thấy đây là một vùng nốt, không phải dây rời rạc"]}},{"id":"v5","order":5,"logic":"DAN","type":"callout","title":"Lời thầy","interactive":{"variant":"teacher"},"content":"Rất vững! Bạn có thêm một vùng nốt. Bài cuối: nối vùng này với vùng cao thành cả một quãng tám."}]'::jsonb)
ON CONFLICT (id) DO UPDATE SET lesson_id = EXCLUDED.lesson_id, title = EXCLUDED.title, status = EXCLUDED.status, reward_xp = EXCLUDED.reward_xp, slides = EXCLUDED.slides;

-- Bài 4: Cả vùng — Rê lên Rê (một quãng tám)
INSERT INTO edu_course_lessons (id, module_id, title, lesson_type, order_index, is_published, tier)
VALUES ('a2720000-0000-4000-8000-000000000004', 'c2710000-0000-4000-8000-000000000001', 'Bài 4: Cả vùng — Rê lên Rê (một quãng tám)', 'flow', 3, true, 'free')
ON CONFLICT (id) DO UPDATE SET module_id = EXCLUDED.module_id, title = EXCLUDED.title, order_index = EXCLUDED.order_index, lesson_type = 'flow', is_published = true;

INSERT INTO flows (id, lesson_id, title, status, reward_xp, slides)
VALUES ('f2720000-0000-4000-8000-000000000004', 'a2720000-0000-4000-8000-000000000004', 'Bài 4: Cả vùng — Rê lên Rê (một quãng tám)', 'published', 10, '[{"id":"o1","order":1,"logic":"DAN","type":"callout","title":"Nối hai vùng","interactive":{"variant":"teacher"},"content":"Giờ nối <b>vùng thấp</b> và <b>vùng cao</b> thành một mạch dài: <b>Rê → Mi → Fa → Sol → La → Si → Đô → Rê</b> — trọn <b>một quãng tám</b>, qua 3 dây."},{"id":"o2","order":2,"logic":"NGHI","type":"text","title":"Đọc trôi qua 3 dây","content":"<p style=\"font-size:16px;line-height:1.7;margin:0;color:#3A352F\">Câu này đi từ <b>Rê thấp</b> (đáy khuông) lên tới <b>Rê cao</b> (giữa khuông) — chuyển mượt qua 3 dây. Đọc trôi cả câu = năng lực thật của tỉa nốt.</p>"},{"id":"o3","order":3,"logic":"LAM","type":"note_practice","title":"Đánh theo: cả quãng tám","interactive":{"notes":[{"label":"Rê","freq":146.83,"string":4,"fret":0,"staff":-1},{"label":"Mi","freq":164.81,"string":4,"fret":2,"staff":0},{"label":"Fa","freq":174.61,"string":4,"fret":3,"staff":1},{"label":"Sol","freq":196,"string":3,"fret":0,"staff":2},{"label":"La","freq":220,"string":3,"fret":2,"staff":3},{"label":"Si","freq":246.94,"string":2,"fret":0,"staff":4},{"label":"Đô","freq":261.63,"string":2,"fret":1,"staff":5},{"label":"Rê","freq":293.66,"string":2,"fret":3,"staff":6}]}},{"id":"o4","order":4,"logic":"NGAM","type":"checklist","title":"Tự kiểm tra","interactive":{"items":["Mình chơi liền Rê → Rê, chuyển dây mượt","Mình nghe ra giai điệu đi lên trọn một quãng tám"]}},{"id":"o5","order":5,"logic":"DAN","type":"callout","title":"Lời thầy","interactive":{"variant":"teacher"},"content":"Xuất sắc! Bạn đã đọc và chơi trọn một quãng tám ở thế tay 1 — nền của mọi bài tỉa nốt về sau."}]'::jsonb)
ON CONFLICT (id) DO UPDATE SET lesson_id = EXCLUDED.lesson_id, title = EXCLUDED.title, status = EXCLUDED.status, reward_xp = EXCLUDED.reward_xp, slides = EXCLUDED.slides;

-- ===== Chương 3: Xuống dây trầm — đọc trọn cần đàn =====
INSERT INTO edu_modules (id, course_id, name, order_index)
VALUES ('c3720000-0000-4000-8000-000000000001', '4e80d7ec-3b99-426a-a090-990d37eb24c0', 'Chương 3: Xuống dây trầm — đọc trọn cần đàn', 2)
ON CONFLICT (id) DO UPDATE SET name = EXCLUDED.name, order_index = EXCLUDED.order_index;

-- Bài 1: Cụm dây 5 — La – Si – Đô
INSERT INTO edu_course_lessons (id, module_id, title, lesson_type, order_index, is_published, tier)
VALUES ('a3720000-0000-4000-8000-000000000001', 'c3720000-0000-4000-8000-000000000001', 'Bài 1: Cụm dây 5 — La – Si – Đô', 'flow', 1, true, 'free')
ON CONFLICT (id) DO UPDATE SET module_id = EXCLUDED.module_id, title = EXCLUDED.title, order_index = EXCLUDED.order_index, lesson_type = 'flow', is_published = true;

INSERT INTO flows (id, lesson_id, title, status, reward_xp, slides)
VALUES ('f3720000-0000-4000-8000-000000000001', 'a3720000-0000-4000-8000-000000000001', 'Bài 1: Cụm dây 5 — La – Si – Đô', 'published', 10, '[{"id":"d51","order":1,"logic":"DAN","type":"callout","title":"Xuống dây trầm nhất","interactive":{"variant":"teacher"},"content":"Giờ ta xuống <b>hai dây to nhất</b> của đàn (dây 5 và dây 6). Nốt ở đây <b>rất trầm</b>, nằm sâu <b>dưới khuông</b> nên phải mượn thêm những vạch ngắn gọi là <b>dòng kẻ phụ</b>. Bài này làm quen dây 5: <b>La – Si – Đô</b>."},{"id":"d52","order":2,"logic":"NHAN","type":"note_show","title":"La (trầm)","interactive":{"label":"La","freq":110,"string":5,"fret":0,"staff":-4,"showStaff":true,"showFretboard":true,"caption":"<b>La</b> — dây 5 <b>buông</b> (○), dây to thứ hai. Trên khuông nó nằm <b>trên dòng kẻ phụ thứ hai</b> dưới khuông."}},{"id":"d53","order":3,"logic":"NHAN","type":"note_show","title":"Si (trầm)","interactive":{"label":"Si","freq":123.47,"string":5,"fret":2,"staff":-3,"showStaff":true,"showFretboard":true,"caption":"<b>Si</b> — cùng dây 5, bấm <b>ngón 2</b> ở <b>ngăn 2</b>. Cao hơn La một bậc."}},{"id":"d54","order":4,"logic":"NHAN","type":"note_show","title":"Đô (trầm)","interactive":{"label":"Đô","freq":130.81,"string":5,"fret":3,"staff":-2,"showStaff":true,"showFretboard":true,"caption":"<b>Đô</b> — cùng dây 5, bấm <b>ngón 3</b> ở <b>ngăn 3</b>. Nó nằm ngay <b>trên dòng kẻ phụ đầu tiên</b> sát dưới khuông — nốt Đô dễ nhớ."}},{"id":"d55","order":5,"logic":"LAM","type":"note_practice","title":"Đánh theo: La – Si – Đô","interactive":{"notes":[{"label":"La","freq":110,"string":5,"fret":0,"staff":-4},{"label":"Si","freq":123.47,"string":5,"fret":2,"staff":-3},{"label":"Đô","freq":130.81,"string":5,"fret":3,"staff":-2},{"label":"Đô","freq":130.81,"string":5,"fret":3,"staff":-2},{"label":"Si","freq":123.47,"string":5,"fret":2,"staff":-3},{"label":"La","freq":110,"string":5,"fret":0,"staff":-4}]}},{"id":"d56","order":6,"logic":"NGAM","type":"checklist","title":"Tự kiểm tra","interactive":{"items":["Mình gảy được La – Si – Đô ở dây 5, tiếng rõ và trầm","Mình thấy các nốt này nằm trên dòng kẻ phụ dưới khuông"]}},{"id":"d57","order":7,"logic":"DAN","type":"callout","title":"Lời thầy","interactive":{"variant":"teacher"},"content":"Tốt lắm! Bạn đã đọc được nốt <b>dưới khuông</b> nhờ dòng kẻ phụ. Bài sau xuống nốt <b>trầm nhất</b> — dây 6."}]'::jsonb)
ON CONFLICT (id) DO UPDATE SET lesson_id = EXCLUDED.lesson_id, title = EXCLUDED.title, status = EXCLUDED.status, reward_xp = EXCLUDED.reward_xp, slides = EXCLUDED.slides;

-- Bài 2: Cụm dây 6 — Mi – Fa – Sol
INSERT INTO edu_course_lessons (id, module_id, title, lesson_type, order_index, is_published, tier)
VALUES ('a3720000-0000-4000-8000-000000000002', 'c3720000-0000-4000-8000-000000000001', 'Bài 2: Cụm dây 6 — Mi – Fa – Sol', 'flow', 2, true, 'free')
ON CONFLICT (id) DO UPDATE SET module_id = EXCLUDED.module_id, title = EXCLUDED.title, order_index = EXCLUDED.order_index, lesson_type = 'flow', is_published = true;

INSERT INTO flows (id, lesson_id, title, status, reward_xp, slides)
VALUES ('f3720000-0000-4000-8000-000000000002', 'a3720000-0000-4000-8000-000000000002', 'Bài 2: Cụm dây 6 — Mi – Fa – Sol', 'published', 10, '[{"id":"d61","order":1,"logic":"DAN","type":"callout","title":"Dây trầm nhất","interactive":{"variant":"teacher"},"content":"Cuối cùng là <b>dây 6</b> — dây <b>to nhất, trầm nhất</b> của đàn. Ba nốt <b>Mi – Fa – Sol</b> ở đây nằm sâu nhất dưới khuông, phải dùng tới <b>ba dòng kẻ phụ</b>. Đừng ngại — cứ nhìn vị trí trên cần đàn là chơi được."},{"id":"d62","order":2,"logic":"NHAN","type":"note_show","title":"Mi (trầm nhất)","interactive":{"label":"Mi","freq":82.41,"string":6,"fret":0,"staff":-7,"showStaff":true,"showFretboard":true,"caption":"<b>Mi</b> — dây 6 <b>buông</b> (○), nốt <b>trầm nhất</b> của cây đàn. Trùng tên với Mi cao ở dây 1, nhưng thấp hơn <b>hai quãng tám</b>."}},{"id":"d63","order":3,"logic":"NHAN","type":"note_show","title":"Fa (trầm)","interactive":{"label":"Fa","freq":87.31,"string":6,"fret":1,"staff":-6,"showStaff":true,"showFretboard":true,"caption":"<b>Fa</b> — cùng dây 6, bấm <b>ngón 1</b> ở <b>ngăn 1</b>. Cao hơn Mi một bậc."}},{"id":"d64","order":4,"logic":"NHAN","type":"note_show","title":"Sol (trầm)","interactive":{"label":"Sol","freq":98,"string":6,"fret":3,"staff":-5,"showStaff":true,"showFretboard":true,"caption":"<b>Sol</b> — cùng dây 6, bấm <b>ngón 3</b> ở <b>ngăn 3</b>. Cao hơn Fa một bậc."}},{"id":"d65","order":5,"logic":"LAM","type":"note_practice","title":"Đánh theo: Mi – Fa – Sol","interactive":{"notes":[{"label":"Mi","freq":82.41,"string":6,"fret":0,"staff":-7},{"label":"Fa","freq":87.31,"string":6,"fret":1,"staff":-6},{"label":"Sol","freq":98,"string":6,"fret":3,"staff":-5},{"label":"Sol","freq":98,"string":6,"fret":3,"staff":-5},{"label":"Fa","freq":87.31,"string":6,"fret":1,"staff":-6},{"label":"Mi","freq":82.41,"string":6,"fret":0,"staff":-7}]}},{"id":"d66","order":6,"logic":"NGAM","type":"checklist","title":"Tự kiểm tra","interactive":{"items":["Mình gảy được Mi – Fa – Sol ở dây 6, tiếng trầm và rõ","Mình đọc được nốt dù nằm sâu dưới khuông (ba dòng kẻ phụ)"]}},{"id":"d67","order":7,"logic":"DAN","type":"callout","title":"Lời thầy","interactive":{"variant":"teacher"},"content":"Xuất sắc! Bạn vừa chinh phục vùng <b>trầm nhất</b> của cây đàn. Bài sau ta <b>nối các dây trầm</b> lại thành một câu chạy liền mạch."}]'::jsonb)
ON CONFLICT (id) DO UPDATE SET lesson_id = EXCLUDED.lesson_id, title = EXCLUDED.title, status = EXCLUDED.status, reward_xp = EXCLUDED.reward_xp, slides = EXCLUDED.slides;

-- Bài 3: Nối câu qua dây 6 → 5 → 4
INSERT INTO edu_course_lessons (id, module_id, title, lesson_type, order_index, is_published, tier)
VALUES ('a3720000-0000-4000-8000-000000000003', 'c3720000-0000-4000-8000-000000000001', 'Bài 3: Nối câu qua dây 6 → 5 → 4', 'flow', 3, true, 'free')
ON CONFLICT (id) DO UPDATE SET module_id = EXCLUDED.module_id, title = EXCLUDED.title, order_index = EXCLUDED.order_index, lesson_type = 'flow', is_published = true;

INSERT INTO flows (id, lesson_id, title, status, reward_xp, slides)
VALUES ('f3720000-0000-4000-8000-000000000003', 'a3720000-0000-4000-8000-000000000003', 'Bài 3: Nối câu qua dây 6 → 5 → 4', 'published', 12, '[{"id":"t1","order":1,"logic":"DAN","type":"callout","title":"Nối các dây trầm","interactive":{"variant":"teacher"},"content":"Bạn đã biết từng cụm ở dây 6, dây 5, dây 4. Giờ ta <b>nối chúng lại</b> thành một câu chạy liền: bắt đầu từ <b>Mi trầm nhất</b> (dây 6), đi lên trọn <b>một quãng tám</b> tới <b>Mi ở dây 4</b>."},{"id":"t2","order":2,"logic":"NGHI","type":"text","title":"Chuyển dây khi đang chơi","content":"<p style=\"font-size:16px;line-height:1.7;margin:0;color:#3A352F\">Câu này đi lên: cứ chơi hết <b>3 nốt</b> một dây là <b>sang dây mảnh hơn</b> (dây 6 → 5 → 4). Việc <b>chuyển dây mượt</b> khi đang chơi mới là kỹ năng thật của tỉa nốt — hãy đi <b>chậm</b>, nghe cho liền mạch.</p>"},{"id":"t3","order":3,"logic":"LAM","type":"note_practice","title":"Đánh theo: một quãng tám vùng trầm","interactive":{"notes":[{"label":"Mi","freq":82.41,"string":6,"fret":0,"staff":-7},{"label":"Fa","freq":87.31,"string":6,"fret":1,"staff":-6},{"label":"Sol","freq":98,"string":6,"fret":3,"staff":-5},{"label":"La","freq":110,"string":5,"fret":0,"staff":-4},{"label":"Si","freq":123.47,"string":5,"fret":2,"staff":-3},{"label":"Đô","freq":130.81,"string":5,"fret":3,"staff":-2},{"label":"Rê","freq":146.83,"string":4,"fret":0,"staff":-1},{"label":"Mi","freq":164.81,"string":4,"fret":2,"staff":0}]}},{"id":"t4","order":4,"logic":"NGAM","type":"checklist","title":"Tự kiểm tra","interactive":{"items":["Mình chơi liền Mi (dây 6) lên tới Mi (dây 4), chuyển dây mượt","Mình nghe ra giai điệu đi lên trọn một quãng tám ở vùng trầm"]}},{"id":"t5","order":5,"logic":"DAN","type":"callout","title":"Lời thầy","interactive":{"variant":"teacher"},"content":"Tuyệt vời! Bạn vừa đọc và chơi trọn <b>một quãng tám vùng trầm</b> qua ba dây. Bài cuối chương ta nối luôn <b>từ nốt trầm nhất lên tận nốt cao nhất</b> — đọc trọn cần đàn."}]'::jsonb)
ON CONFLICT (id) DO UPDATE SET lesson_id = EXCLUDED.lesson_id, title = EXCLUDED.title, status = EXCLUDED.status, reward_xp = EXCLUDED.reward_xp, slides = EXCLUDED.slides;

-- Bài 4: Đọc trọn cần đàn — hai quãng tám
INSERT INTO edu_course_lessons (id, module_id, title, lesson_type, order_index, is_published, tier)
VALUES ('a3720000-0000-4000-8000-000000000004', 'c3720000-0000-4000-8000-000000000001', 'Bài 4: Đọc trọn cần đàn — hai quãng tám', 'flow', 4, true, 'free')
ON CONFLICT (id) DO UPDATE SET module_id = EXCLUDED.module_id, title = EXCLUDED.title, order_index = EXCLUDED.order_index, lesson_type = 'flow', is_published = true;

INSERT INTO flows (id, lesson_id, title, status, reward_xp, slides)
VALUES ('f3720000-0000-4000-8000-000000000004', 'a3720000-0000-4000-8000-000000000004', 'Bài 4: Đọc trọn cần đàn — hai quãng tám', 'published', 15, '[{"id":"o1","order":1,"logic":"DAN","type":"callout","title":"Bài tổng kết chương","interactive":{"variant":"teacher"},"content":"Đây là bài <b>tổng kết</b>: ta đọc <b>trọn cần đàn</b> ở thế tay 1 — từ <b>Mi trầm nhất</b> (dây 6) đi lên tận <b>Mi ở dây 1</b> (chính nốt đầu tiên bạn học ở đầu khoá!). Trọn <b>hai quãng tám</b>, qua cả <b>sáu dây</b>."},{"id":"o2","order":2,"logic":"NGHI","type":"text","title":"Cả cần đàn trong một câu","content":"<p style=\"font-size:16px;line-height:1.7;margin:0;color:#3A352F\">Câu này chính là <b>âm giai nền tảng</b> ở thế tay 1: cứ vài nốt lại sang một dây. Đi thật <b>chậm</b>, đọc tên từng nốt. Thuộc câu này là bạn <b>đọc được nốt ở khắp cần đàn</b> — nền của mọi bài nhạc.</p>"},{"id":"o3","order":3,"logic":"LAM","type":"note_practice","title":"Đánh theo: trọn hai quãng tám","interactive":{"notes":[{"label":"Mi","freq":82.41,"string":6,"fret":0,"staff":-7},{"label":"Fa","freq":87.31,"string":6,"fret":1,"staff":-6},{"label":"Sol","freq":98,"string":6,"fret":3,"staff":-5},{"label":"La","freq":110,"string":5,"fret":0,"staff":-4},{"label":"Si","freq":123.47,"string":5,"fret":2,"staff":-3},{"label":"Đô","freq":130.81,"string":5,"fret":3,"staff":-2},{"label":"Rê","freq":146.83,"string":4,"fret":0,"staff":-1},{"label":"Mi","freq":164.81,"string":4,"fret":2,"staff":0},{"label":"Fa","freq":174.61,"string":4,"fret":3,"staff":1},{"label":"Sol","freq":196,"string":3,"fret":0,"staff":2},{"label":"La","freq":220,"string":3,"fret":2,"staff":3},{"label":"Si","freq":246.94,"string":2,"fret":0,"staff":4},{"label":"Đô","freq":261.63,"string":2,"fret":1,"staff":5},{"label":"Rê","freq":293.66,"string":2,"fret":3,"staff":6},{"label":"Mi","freq":329.63,"string":1,"fret":0,"staff":7}]}},{"id":"o4","order":4,"logic":"NGAM","type":"checklist","title":"Tự kiểm tra","interactive":{"items":["Mình chơi liền từ Mi (dây 6) lên Mi (dây 1), chuyển dây mượt","Mình đọc được tên nốt ở cả vùng trầm lẫn vùng cao","Mình nghe ra giai điệu đi lên trọn hai quãng tám"]}},{"id":"o5","order":5,"logic":"DAN","type":"callout","title":"Chúc mừng!","interactive":{"variant":"teacher"},"content":"Hoàn thành chương! Bạn đã <b>đọc được nốt khắp cần đàn</b> ở thế tay 1 — từ trầm nhất tới cao. Đây là nền tảng vững để sang <b>Chương 4 — Chơi bài hát</b>. Giỏi lắm!"}]'::jsonb)
ON CONFLICT (id) DO UPDATE SET lesson_id = EXCLUDED.lesson_id, title = EXCLUDED.title, status = EXCLUDED.status, reward_xp = EXCLUDED.reward_xp, slides = EXCLUDED.slides;

-- ===== Chương 4: Chơi bài hát =====
INSERT INTO edu_modules (id, course_id, name, order_index)
VALUES ('c3710000-0000-4000-8000-000000000001', '4e80d7ec-3b99-426a-a090-990d37eb24c0', 'Chương 4: Chơi bài hát', 3)
ON CONFLICT (id) DO UPDATE SET name = EXCLUDED.name, order_index = EXCLUDED.order_index;

-- Bài 1: Happy Birthday
INSERT INTO edu_course_lessons (id, module_id, title, lesson_type, order_index, is_published, tier)
VALUES ('a2730000-0000-4000-8000-000000000002', 'c3710000-0000-4000-8000-000000000001', 'Bài 1: Happy Birthday', 'flow', 0, true, 'free')
ON CONFLICT (id) DO UPDATE SET module_id = EXCLUDED.module_id, title = EXCLUDED.title, order_index = EXCLUDED.order_index, lesson_type = 'flow', is_published = true;

INSERT INTO flows (id, lesson_id, title, status, reward_xp, slides)
VALUES ('f2730000-0000-4000-8000-000000000002', 'a2730000-0000-4000-8000-000000000002', 'Bài 1: Happy Birthday', 'published', 15, '[{"id":"h1","order":1,"logic":"DAN","type":"callout","title":"Chơi Happy Birthday","interactive":{"variant":"teacher"},"content":"Bài đầu tiên: <b>Happy Birthday</b> — khúc chúc mừng sinh nhật ai cũng biết! Nó dùng đúng các nốt bạn đã học, trải trên <b>cả 3 dây</b>."},{"id":"h2","order":2,"logic":"NGHI","type":"text","title":"Đi qua 3 dây","content":"<p style=\"font-size:16px;line-height:1.7;margin:0;color:#3A352F\">Bài này đi từ vùng thấp (<b>Sol – La</b> dây 3) qua <b>Si – Đô – Rê</b> (dây 2) lên tới <b>Mi – Fa – Sol</b> (dây 1). Có chỗ nhảy xa (đoạn \"birthday dear...\") — cứ <b>chậm rãi</b>. Bấm <b>Nghe mẫu</b> để nghe đúng giai điệu trước.</p>"},{"id":"h3","order":3,"logic":"LAM","type":"note_practice","title":"Đánh theo: Happy Birthday","interactive":{"notes":[{"label":"Sol","freq":196,"string":3,"fret":0,"staff":2,"dur":0.75},{"label":"Sol","freq":196,"string":3,"fret":0,"staff":2,"dur":0.25},{"label":"La","freq":220,"string":3,"fret":2,"staff":3,"dur":1},{"label":"Sol","freq":196,"string":3,"fret":0,"staff":2,"dur":1},{"label":"Đô","freq":261.63,"string":2,"fret":1,"staff":5,"dur":1},{"label":"Si","freq":246.94,"string":2,"fret":0,"staff":4,"dur":2},{"label":"Sol","freq":196,"string":3,"fret":0,"staff":2,"dur":0.75},{"label":"Sol","freq":196,"string":3,"fret":0,"staff":2,"dur":0.25},{"label":"La","freq":220,"string":3,"fret":2,"staff":3,"dur":1},{"label":"Sol","freq":196,"string":3,"fret":0,"staff":2,"dur":1},{"label":"Rê","freq":293.66,"string":2,"fret":3,"staff":6,"dur":1},{"label":"Đô","freq":261.63,"string":2,"fret":1,"staff":5,"dur":2},{"label":"Sol","freq":196,"string":3,"fret":0,"staff":2,"dur":0.75},{"label":"Sol","freq":196,"string":3,"fret":0,"staff":2,"dur":0.25},{"label":"Sol","freq":392,"string":1,"fret":3,"staff":9,"dur":1},{"label":"Mi","freq":329.63,"string":1,"fret":0,"staff":7,"dur":1},{"label":"Đô","freq":261.63,"string":2,"fret":1,"staff":5,"dur":1},{"label":"Si","freq":246.94,"string":2,"fret":0,"staff":4,"dur":1},{"label":"La","freq":220,"string":3,"fret":2,"staff":3,"dur":1},{"label":"Fa","freq":349.23,"string":1,"fret":1,"staff":8,"dur":0.75},{"label":"Fa","freq":349.23,"string":1,"fret":1,"staff":8,"dur":0.25},{"label":"Mi","freq":329.63,"string":1,"fret":0,"staff":7,"dur":1},{"label":"Đô","freq":261.63,"string":2,"fret":1,"staff":5,"dur":1},{"label":"Rê","freq":293.66,"string":2,"fret":3,"staff":6,"dur":1},{"label":"Đô","freq":261.63,"string":2,"fret":1,"staff":5,"dur":2}]}},{"id":"h4","order":4,"logic":"NGAM","type":"checklist","title":"Tự kiểm tra","interactive":{"items":["Mình chơi hết được giai điệu, đúng các nốt","Mình nhận ra đúng bài Happy Birthday","Mình chuyển được qua cả 3 dây"]}},{"id":"h5","order":5,"logic":"DAN","type":"callout","title":"Lời thầy","interactive":{"variant":"teacher"},"content":"Tuyệt vời! Bạn vừa chơi trọn một bài hát <b>qua cả 3 dây</b> — áp dụng mọi nốt đã học. Bài sau: một giai điệu quen khác — Ode to Joy."}]'::jsonb)
ON CONFLICT (id) DO UPDATE SET lesson_id = EXCLUDED.lesson_id, title = EXCLUDED.title, status = EXCLUDED.status, reward_xp = EXCLUDED.reward_xp, slides = EXCLUDED.slides;

-- Bài 2: Ode to Joy (Niềm Vui)
INSERT INTO edu_course_lessons (id, module_id, title, lesson_type, order_index, is_published, tier)
VALUES ('a2730000-0000-4000-8000-000000000001', 'c3710000-0000-4000-8000-000000000001', 'Bài 2: Ode to Joy (Niềm Vui)', 'flow', 1, true, 'free')
ON CONFLICT (id) DO UPDATE SET module_id = EXCLUDED.module_id, title = EXCLUDED.title, order_index = EXCLUDED.order_index, lesson_type = 'flow', is_published = true;

INSERT INTO flows (id, lesson_id, title, status, reward_xp, slides)
VALUES ('f2730000-0000-4000-8000-000000000001', 'a2730000-0000-4000-8000-000000000001', 'Bài 2: Ode to Joy (Niềm Vui)', 'published', 15, '[{"id":"j1","order":1,"logic":"DAN","type":"callout","title":"Bài hát thật đầu tiên","interactive":{"variant":"teacher"},"content":"Thêm một <b>bài hát</b> nữa: <b>Ode to Joy</b> (Niềm Vui) của Beethoven — giai điệu quen thuộc. Nó chỉ dùng các nốt <b>Đô – Rê – Mi – Fa – Sol</b> đã học."},{"id":"j2","order":2,"logic":"NGHI","type":"text","title":"Giai điệu này quen mà!","content":"<p style=\"font-size:16px;line-height:1.7;margin:0;color:#3A352F\">Cả bài đi quanh vùng <b>Đô → Sol</b>, có chuyển qua lại giữa <b>dây 1</b> (Mi-Fa-Sol) và <b>dây 2</b> (Đô-Rê).<br/>Chơi <b>đều từng nốt</b> cho đúng cao độ trước — <b>nhịp điệu ngắn-dài</b> để bài sau.</p>"},{"id":"j3","order":3,"logic":"LAM","type":"note_practice","title":"Đánh theo: Ode to Joy","interactive":{"notes":[{"label":"Mi","freq":329.63,"string":1,"fret":0,"staff":7,"dur":1},{"label":"Mi","freq":329.63,"string":1,"fret":0,"staff":7,"dur":1},{"label":"Fa","freq":349.23,"string":1,"fret":1,"staff":8,"dur":1},{"label":"Sol","freq":392,"string":1,"fret":3,"staff":9,"dur":1},{"label":"Sol","freq":392,"string":1,"fret":3,"staff":9,"dur":1},{"label":"Fa","freq":349.23,"string":1,"fret":1,"staff":8,"dur":1},{"label":"Mi","freq":329.63,"string":1,"fret":0,"staff":7,"dur":1},{"label":"Rê","freq":293.66,"string":2,"fret":3,"staff":6,"dur":1},{"label":"Đô","freq":261.63,"string":2,"fret":1,"staff":5,"dur":1},{"label":"Đô","freq":261.63,"string":2,"fret":1,"staff":5,"dur":1},{"label":"Rê","freq":293.66,"string":2,"fret":3,"staff":6,"dur":1},{"label":"Mi","freq":329.63,"string":1,"fret":0,"staff":7,"dur":1},{"label":"Mi","freq":329.63,"string":1,"fret":0,"staff":7,"dur":1.5},{"label":"Rê","freq":293.66,"string":2,"fret":3,"staff":6,"dur":0.5},{"label":"Rê","freq":293.66,"string":2,"fret":3,"staff":6,"dur":2}]}},{"id":"j4","order":4,"logic":"NGAM","type":"checklist","title":"Tự kiểm tra","interactive":{"items":["Mình chơi hết được giai điệu, đúng các nốt","Mình nhận ra đúng bài Ode to Joy quen thuộc","Mình chuyển dây 1↔2 mà tiếng vẫn đều"]}},{"id":"j5","order":5,"logic":"DAN","type":"callout","title":"Lời thầy","interactive":{"variant":"teacher"},"content":"Tuyệt vời! Hai bài hát bạn đã chơi được chỉ từ những nốt đã học. Đây là lý do ta học nốt: để chơi được nhạc thật."}]'::jsonb)
ON CONFLICT (id) DO UPDATE SET lesson_id = EXCLUDED.lesson_id, title = EXCLUDED.title, status = EXCLUDED.status, reward_xp = EXCLUDED.reward_xp, slides = EXCLUDED.slides;

-- Bài 3: Kìa con bướm vàng
INSERT INTO edu_course_lessons (id, module_id, title, lesson_type, order_index, is_published, tier)
VALUES ('a2730000-0000-4000-8000-000000000003', 'c3710000-0000-4000-8000-000000000001', 'Bài 3: Kìa con bướm vàng', 'flow', 2, true, 'free')
ON CONFLICT (id) DO UPDATE SET module_id = EXCLUDED.module_id, title = EXCLUDED.title, order_index = EXCLUDED.order_index, lesson_type = 'flow', is_published = true;

INSERT INTO flows (id, lesson_id, title, status, reward_xp, slides)
VALUES ('f2730000-0000-4000-8000-000000000003', 'a2730000-0000-4000-8000-000000000003', 'Bài 3: Kìa con bướm vàng', 'published', 15, '[{"id":"b1","order":1,"logic":"DAN","type":"callout","title":"Chơi: Kìa con bướm vàng","interactive":{"variant":"teacher"},"content":"Một giai điệu quen thuộc ai cũng biết! Bài này đặt ở <b>vùng trầm</b> để bạn dùng luôn các dây <b>3–4–5–6</b> vừa học. Câu cuối \"em ngồi xem\" có một nốt <b>Sol thật trầm</b> ở dây 6 — nghe như tiếng chuông."},{"id":"b2","order":2,"logic":"NGHI","type":"text","title":"Đi quanh vùng trầm","content":"<p style=\"font-size:16px;line-height:1.7;margin:0;color:#3A352F\">Giai điệu đi quanh <b>Đô – Rê – Mi – Fa – Sol – La</b> ở dây 5-4-3, riêng câu cuối chạm xuống <b>Sol dây 6</b>. Bấm <b>Nghe mẫu</b> nghe trước, rồi đàn theo thật <b>chậm rãi</b>.</p>"},{"id":"b3","order":3,"logic":"LAM","type":"note_practice","title":"Đánh theo: Kìa con bướm vàng","interactive":{"notes":[{"label":"Đô","freq":130.81,"string":5,"fret":3,"staff":-2,"dur":1},{"label":"Rê","freq":146.83,"string":4,"fret":0,"staff":-1,"dur":1},{"label":"Mi","freq":164.81,"string":4,"fret":2,"staff":0,"dur":1},{"label":"Đô","freq":130.81,"string":5,"fret":3,"staff":-2,"dur":1},{"label":"Đô","freq":130.81,"string":5,"fret":3,"staff":-2,"dur":1},{"label":"Rê","freq":146.83,"string":4,"fret":0,"staff":-1,"dur":1},{"label":"Mi","freq":164.81,"string":4,"fret":2,"staff":0,"dur":1},{"label":"Đô","freq":130.81,"string":5,"fret":3,"staff":-2,"dur":1},{"label":"Mi","freq":164.81,"string":4,"fret":2,"staff":0,"dur":1},{"label":"Fa","freq":174.61,"string":4,"fret":3,"staff":1,"dur":1},{"label":"Sol","freq":196,"string":3,"fret":0,"staff":2,"dur":2},{"label":"Mi","freq":164.81,"string":4,"fret":2,"staff":0,"dur":1},{"label":"Fa","freq":174.61,"string":4,"fret":3,"staff":1,"dur":1},{"label":"Sol","freq":196,"string":3,"fret":0,"staff":2,"dur":2},{"label":"Sol","freq":196,"string":3,"fret":0,"staff":2,"dur":0.5},{"label":"La","freq":220,"string":3,"fret":2,"staff":3,"dur":0.5},{"label":"Sol","freq":196,"string":3,"fret":0,"staff":2,"dur":0.5},{"label":"Fa","freq":174.61,"string":4,"fret":3,"staff":1,"dur":0.5},{"label":"Mi","freq":164.81,"string":4,"fret":2,"staff":0,"dur":1},{"label":"Đô","freq":130.81,"string":5,"fret":3,"staff":-2,"dur":1},{"label":"Sol","freq":196,"string":3,"fret":0,"staff":2,"dur":0.5},{"label":"La","freq":220,"string":3,"fret":2,"staff":3,"dur":0.5},{"label":"Sol","freq":196,"string":3,"fret":0,"staff":2,"dur":0.5},{"label":"Fa","freq":174.61,"string":4,"fret":3,"staff":1,"dur":0.5},{"label":"Mi","freq":164.81,"string":4,"fret":2,"staff":0,"dur":1},{"label":"Đô","freq":130.81,"string":5,"fret":3,"staff":-2,"dur":1},{"label":"Đô","freq":130.81,"string":5,"fret":3,"staff":-2,"dur":1},{"label":"Sol","freq":98,"string":6,"fret":3,"staff":-5,"dur":1},{"label":"Đô","freq":130.81,"string":5,"fret":3,"staff":-2,"dur":2},{"label":"Đô","freq":130.81,"string":5,"fret":3,"staff":-2,"dur":1},{"label":"Sol","freq":98,"string":6,"fret":3,"staff":-5,"dur":1},{"label":"Đô","freq":130.81,"string":5,"fret":3,"staff":-2,"dur":2}]}},{"id":"b4","order":4,"logic":"NGAM","type":"checklist","title":"Tự kiểm tra","interactive":{"items":["Mình chơi được trọn bài, chuyển dây 3-4-5 mượt","Mình chạm được nốt Sol trầm ở dây 6 câu cuối","Mình nghe ra đúng giai điệu Kìa con bướm vàng"]}},{"id":"b5","order":5,"logic":"DAN","type":"callout","title":"Lời thầy","interactive":{"variant":"teacher"},"content":"Tuyệt! Bạn vừa chơi một bài hát hoàn chỉnh ở <b>vùng trầm</b> — dùng đúng những dây vừa học ở chương trước. Nốt trầm làm bài nghe ấm và đầy đặn hơn."}]'::jsonb)
ON CONFLICT (id) DO UPDATE SET lesson_id = EXCLUDED.lesson_id, title = EXCLUDED.title, status = EXCLUDED.status, reward_xp = EXCLUDED.reward_xp, slides = EXCLUDED.slides;

-- Bài 4: Ngôi Sao Nhỏ (Twinkle Twinkle)
INSERT INTO edu_course_lessons (id, module_id, title, lesson_type, order_index, is_published, tier)
VALUES ('a2730000-0000-4000-8000-000000000004', 'c3710000-0000-4000-8000-000000000001', 'Bài 4: Ngôi Sao Nhỏ (Twinkle Twinkle)', 'flow', 3, true, 'free')
ON CONFLICT (id) DO UPDATE SET module_id = EXCLUDED.module_id, title = EXCLUDED.title, order_index = EXCLUDED.order_index, lesson_type = 'flow', is_published = true;

INSERT INTO flows (id, lesson_id, title, status, reward_xp, slides)
VALUES ('f2730000-0000-4000-8000-000000000004', 'a2730000-0000-4000-8000-000000000004', 'Bài 4: Ngôi Sao Nhỏ (Twinkle Twinkle)', 'published', 15, '[{"id":"w1","order":1,"logic":"DAN","type":"callout","title":"Chơi: Ngôi Sao Nhỏ","interactive":{"variant":"teacher"},"content":"\"Twinkle Twinkle Little Star\" — giai điệu ru quen thuộc khắp thế giới. Bài này cũng ở <b>vùng trầm</b> (dây 3-4-5), toàn nốt tự nhiên, rất hợp để luyện đọc nốt cho <b>đều và chắc</b>."},{"id":"w2","order":2,"logic":"NGHI","type":"text","title":"Từng cặp nốt","content":"<p style=\"font-size:16px;line-height:1.7;margin:0;color:#3A352F\">Giai điệu đi thành <b>từng cặp</b> (Đô-Đô, Sol-Sol, La-La…) nên rất dễ theo. Cả bài quanh <b>Đô – Rê – Mi – Fa – Sol – La</b>. Nghe mẫu một lượt rồi đàn theo <b>chậm</b>, giữ nhịp cho đều.</p>"},{"id":"w3","order":3,"logic":"LAM","type":"note_practice","title":"Đánh theo: Ngôi Sao Nhỏ","interactive":{"notes":[{"label":"Đô","freq":130.81,"string":5,"fret":3,"staff":-2,"dur":1},{"label":"Đô","freq":130.81,"string":5,"fret":3,"staff":-2,"dur":1},{"label":"Sol","freq":196,"string":3,"fret":0,"staff":2,"dur":1},{"label":"Sol","freq":196,"string":3,"fret":0,"staff":2,"dur":1},{"label":"La","freq":220,"string":3,"fret":2,"staff":3,"dur":1},{"label":"La","freq":220,"string":3,"fret":2,"staff":3,"dur":1},{"label":"Sol","freq":196,"string":3,"fret":0,"staff":2,"dur":2},{"label":"Fa","freq":174.61,"string":4,"fret":3,"staff":1,"dur":1},{"label":"Fa","freq":174.61,"string":4,"fret":3,"staff":1,"dur":1},{"label":"Mi","freq":164.81,"string":4,"fret":2,"staff":0,"dur":1},{"label":"Mi","freq":164.81,"string":4,"fret":2,"staff":0,"dur":1},{"label":"Rê","freq":146.83,"string":4,"fret":0,"staff":-1,"dur":1},{"label":"Rê","freq":146.83,"string":4,"fret":0,"staff":-1,"dur":1},{"label":"Đô","freq":130.81,"string":5,"fret":3,"staff":-2,"dur":2},{"label":"Sol","freq":196,"string":3,"fret":0,"staff":2,"dur":1},{"label":"Sol","freq":196,"string":3,"fret":0,"staff":2,"dur":1},{"label":"Fa","freq":174.61,"string":4,"fret":3,"staff":1,"dur":1},{"label":"Fa","freq":174.61,"string":4,"fret":3,"staff":1,"dur":1},{"label":"Mi","freq":164.81,"string":4,"fret":2,"staff":0,"dur":1},{"label":"Mi","freq":164.81,"string":4,"fret":2,"staff":0,"dur":1},{"label":"Rê","freq":146.83,"string":4,"fret":0,"staff":-1,"dur":2},{"label":"Sol","freq":196,"string":3,"fret":0,"staff":2,"dur":1},{"label":"Sol","freq":196,"string":3,"fret":0,"staff":2,"dur":1},{"label":"Fa","freq":174.61,"string":4,"fret":3,"staff":1,"dur":1},{"label":"Fa","freq":174.61,"string":4,"fret":3,"staff":1,"dur":1},{"label":"Mi","freq":164.81,"string":4,"fret":2,"staff":0,"dur":1},{"label":"Mi","freq":164.81,"string":4,"fret":2,"staff":0,"dur":1},{"label":"Rê","freq":146.83,"string":4,"fret":0,"staff":-1,"dur":2},{"label":"Đô","freq":130.81,"string":5,"fret":3,"staff":-2,"dur":1},{"label":"Đô","freq":130.81,"string":5,"fret":3,"staff":-2,"dur":1},{"label":"Sol","freq":196,"string":3,"fret":0,"staff":2,"dur":1},{"label":"Sol","freq":196,"string":3,"fret":0,"staff":2,"dur":1},{"label":"La","freq":220,"string":3,"fret":2,"staff":3,"dur":1},{"label":"La","freq":220,"string":3,"fret":2,"staff":3,"dur":1},{"label":"Sol","freq":196,"string":3,"fret":0,"staff":2,"dur":2},{"label":"Fa","freq":174.61,"string":4,"fret":3,"staff":1,"dur":1},{"label":"Fa","freq":174.61,"string":4,"fret":3,"staff":1,"dur":1},{"label":"Mi","freq":164.81,"string":4,"fret":2,"staff":0,"dur":1},{"label":"Mi","freq":164.81,"string":4,"fret":2,"staff":0,"dur":1},{"label":"Rê","freq":146.83,"string":4,"fret":0,"staff":-1,"dur":1},{"label":"Rê","freq":146.83,"string":4,"fret":0,"staff":-1,"dur":1},{"label":"Đô","freq":130.81,"string":5,"fret":3,"staff":-2,"dur":2}]}},{"id":"w4","order":4,"logic":"NGAM","type":"checklist","title":"Tự kiểm tra","interactive":{"items":["Mình chơi trọn bài, các cặp nốt đều tay","Mình chuyển dây 3-4-5 mượt, không vấp","Mình nghe ra đúng giai điệu Ngôi Sao Nhỏ"]}},{"id":"w5","order":5,"logic":"DAN","type":"callout","title":"Lời thầy","interactive":{"variant":"teacher"},"content":"Giỏi lắm! Thêm một bài hát trọn vẹn vào ''kho'' của bạn. Chơi được những giai điệu quen thế này nghĩa là bạn đã <b>đọc nốt và chuyển dây</b> thành thạo rồi."}]'::jsonb)
ON CONFLICT (id) DO UPDATE SET lesson_id = EXCLUDED.lesson_id, title = EXCLUDED.title, status = EXCLUDED.status, reward_xp = EXCLUDED.reward_xp, slides = EXCLUDED.slides;

-- ===== Chương 5: Đọc nhịp — dài & ngắn =====
INSERT INTO edu_modules (id, course_id, name, order_index)
VALUES ('c5720000-0000-4000-8000-000000000001', '4e80d7ec-3b99-426a-a090-990d37eb24c0', 'Chương 5: Đọc nhịp — dài & ngắn', 4)
ON CONFLICT (id) DO UPDATE SET name = EXCLUDED.name, order_index = EXCLUDED.order_index;

-- Bài 1: Nốt đen & nốt trắng
INSERT INTO edu_course_lessons (id, module_id, title, lesson_type, order_index, is_published, tier)
VALUES ('a5720000-0000-4000-8000-000000000001', 'c5720000-0000-4000-8000-000000000001', 'Bài 1: Nốt đen & nốt trắng', 'flow', 1, true, 'free')
ON CONFLICT (id) DO UPDATE SET module_id = EXCLUDED.module_id, title = EXCLUDED.title, order_index = EXCLUDED.order_index, lesson_type = 'flow', is_published = true;

INSERT INTO flows (id, lesson_id, title, status, reward_xp, slides)
VALUES ('f5720000-0000-4000-8000-000000000001', 'a5720000-0000-4000-8000-000000000001', 'Bài 1: Nốt đen & nốt trắng', 'published', 12, '[{"id":"n1","order":1,"logic":"DAN","type":"callout","title":"Nốt dài, nốt ngắn","interactive":{"variant":"teacher"},"content":"Tới giờ ta chơi mọi nốt <b>đều nhau</b> — nhưng thật ra mỗi nốt có <b>độ dài riêng</b>. Có nốt ngân ngắn, có nốt ngân dài. Bắt đầu bằng <b>hai loại cơ bản</b> nhất: nốt <b>đen</b> và nốt <b>trắng</b>."},{"id":"n2","order":2,"logic":"NHAN","type":"note_show","title":"Nốt đen — 1 phách","interactive":{"label":"Mi","freq":329.63,"string":1,"fret":0,"staff":7,"dur":1,"showStaff":true,"showFretboard":false,"caption":"<b>Nốt đen</b>: đầu nốt <b>đặc</b>, có đuôi. Ngân <b>1 phách</b> — đây là đơn vị đếm cơ bản (\"một\")."}},{"id":"n3","order":3,"logic":"NHAN","type":"note_show","title":"Nốt trắng — 2 phách","interactive":{"label":"Mi","freq":329.63,"string":1,"fret":0,"staff":7,"dur":2,"showStaff":true,"showFretboard":false,"caption":"<b>Nốt trắng</b>: đầu nốt <b>rỗng</b>, có đuôi. Ngân <b>2 phách</b> — dài <b>gấp đôi</b> nốt đen. Vẫn là nốt Mi, chỉ khác <b>độ dài</b>."}},{"id":"n4","order":4,"logic":"NGHI","type":"text","title":"Đếm phách","content":"<p style=\"font-size:16px;line-height:1.7;margin:0;color:#3A352F\">Cách cảm nhận: nốt <b>đen</b> đếm <b>\"1\"</b> rồi gảy nốt kế; nốt <b>trắng</b> giữ ngân qua <b>\"1 – 2\"</b> mới sang nốt kế. Bấm <b>Nghe mẫu</b> ở dưới để nghe nốt trắng <b>ngân lâu gấp đôi</b>.</p>"},{"id":"n5","order":5,"logic":"LAM","type":"note_practice","title":"Đánh theo: đen – đen – trắng","interactive":{"showDur":true,"notes":[{"label":"Đô","freq":261.63,"string":2,"fret":1,"staff":5,"dur":1},{"label":"Rê","freq":293.66,"string":2,"fret":3,"staff":6,"dur":1},{"label":"Mi","freq":329.63,"string":1,"fret":0,"staff":7,"dur":2},{"label":"Rê","freq":293.66,"string":2,"fret":3,"staff":6,"dur":1},{"label":"Đô","freq":261.63,"string":2,"fret":1,"staff":5,"dur":1},{"label":"Si","freq":246.94,"string":2,"fret":0,"staff":4,"dur":2}]}},{"id":"n6","order":6,"logic":"NGAM","type":"checklist","title":"Tự kiểm tra","interactive":{"items":["Mình phân biệt được nốt đen (đầu đặc) và nốt trắng (đầu rỗng)","Khi Nghe mẫu, mình nghe nốt trắng ngân lâu gấp đôi nốt đen"]}},{"id":"n7","order":7,"logic":"DAN","type":"callout","title":"Lời thầy","interactive":{"variant":"teacher"},"content":"Tốt lắm! Bạn vừa đọc được <b>độ dài</b> của nốt — không chỉ cao độ. Bài sau ta thêm nốt <b>tròn</b> (ngân 4 phách) và ghép cả ba loại."}]'::jsonb)
ON CONFLICT (id) DO UPDATE SET lesson_id = EXCLUDED.lesson_id, title = EXCLUDED.title, status = EXCLUDED.status, reward_xp = EXCLUDED.reward_xp, slides = EXCLUDED.slides;

-- Bài 2: Nốt tròn & ghép ba loại
INSERT INTO edu_course_lessons (id, module_id, title, lesson_type, order_index, is_published, tier)
VALUES ('a5720000-0000-4000-8000-000000000002', 'c5720000-0000-4000-8000-000000000001', 'Bài 2: Nốt tròn & ghép ba loại', 'flow', 2, true, 'free')
ON CONFLICT (id) DO UPDATE SET module_id = EXCLUDED.module_id, title = EXCLUDED.title, order_index = EXCLUDED.order_index, lesson_type = 'flow', is_published = true;

INSERT INTO flows (id, lesson_id, title, status, reward_xp, slides)
VALUES ('f5720000-0000-4000-8000-000000000002', 'a5720000-0000-4000-8000-000000000002', 'Bài 2: Nốt tròn & ghép ba loại', 'published', 12, '[{"id":"o1","order":1,"logic":"DAN","type":"callout","title":"Nốt dài nhất","interactive":{"variant":"teacher"},"content":"Thêm loại nốt <b>dài nhất</b>: nốt <b>tròn</b>. Nó ngân tận <b>4 phách</b> — bằng <b>hai nốt trắng</b> hoặc <b>bốn nốt đen</b> cộng lại. Sau đó ta sẽ ghép cả ba loại vào một câu."},{"id":"o2","order":2,"logic":"NHAN","type":"note_show","title":"Nốt tròn — 4 phách","interactive":{"label":"Mi","freq":329.63,"string":1,"fret":0,"staff":7,"dur":4,"showStaff":true,"showFretboard":false,"caption":"<b>Nốt tròn</b>: đầu nốt <b>rỗng</b> và <b>KHÔNG có đuôi</b>. Ngân <b>4 phách</b> — giữ thật lâu, đếm trọn \"1 – 2 – 3 – 4\"."}},{"id":"o3","order":3,"logic":"NGHI","type":"text","title":"Bảng độ dài","content":"<p style=\"font-size:16px;line-height:1.75;margin:0;color:#3A352F\">Ba loại đã học:<br/>• Nốt <b>đen</b> (đầu đặc) = <b>1</b> phách<br/>• Nốt <b>trắng</b> (đầu rỗng, có đuôi) = <b>2</b> phách<br/>• Nốt <b>tròn</b> (đầu rỗng, không đuôi) = <b>4</b> phách<br/>Bấm <b>Nghe mẫu</b>: nghe theo tiếng gõ metronome để cảm mỗi loại giữ mấy phách.</p>"},{"id":"o4","order":4,"logic":"LAM","type":"note_practice","title":"Đánh theo: ghép đen – trắng – tròn","interactive":{"showDur":true,"notes":[{"label":"Đô","freq":261.63,"string":2,"fret":1,"staff":5,"dur":1},{"label":"Rê","freq":293.66,"string":2,"fret":3,"staff":6,"dur":1},{"label":"Mi","freq":329.63,"string":1,"fret":0,"staff":7,"dur":1},{"label":"Fa","freq":349.23,"string":1,"fret":1,"staff":8,"dur":1},{"label":"Sol","freq":392,"string":1,"fret":3,"staff":9,"dur":2},{"label":"Mi","freq":329.63,"string":1,"fret":0,"staff":7,"dur":2},{"label":"Đô","freq":261.63,"string":2,"fret":1,"staff":5,"dur":4}]}},{"id":"o5","order":5,"logic":"NGAM","type":"checklist","title":"Tự kiểm tra","interactive":{"items":["Mình phân biệt được đen (1) – trắng (2) – tròn (4) phách","Mình nghe nốt tròn ngân dài nhất, trọn 4 tiếng gõ","Mình đàn theo được cả câu, giữ đúng độ dài từng nốt"]}},{"id":"o6","order":6,"logic":"DAN","type":"callout","title":"Lời thầy","interactive":{"variant":"teacher"},"content":"Tuyệt vời! Giờ bạn đọc được <b>ba độ dài</b> cơ bản. Bài sau thêm một thứ nữa: <b>dấu lặng</b> — khoảng <b>nghỉ</b> (im lặng) cũng là một phần của nhạc."}]'::jsonb)
ON CONFLICT (id) DO UPDATE SET lesson_id = EXCLUDED.lesson_id, title = EXCLUDED.title, status = EXCLUDED.status, reward_xp = EXCLUDED.reward_xp, slides = EXCLUDED.slides;

-- Bài 3: Dấu lặng — khoảng nghỉ
INSERT INTO edu_course_lessons (id, module_id, title, lesson_type, order_index, is_published, tier)
VALUES ('a5720000-0000-4000-8000-000000000003', 'c5720000-0000-4000-8000-000000000001', 'Bài 3: Dấu lặng — khoảng nghỉ', 'flow', 3, true, 'free')
ON CONFLICT (id) DO UPDATE SET module_id = EXCLUDED.module_id, title = EXCLUDED.title, order_index = EXCLUDED.order_index, lesson_type = 'flow', is_published = true;

INSERT INTO flows (id, lesson_id, title, status, reward_xp, slides)
VALUES ('f5720000-0000-4000-8000-000000000003', 'a5720000-0000-4000-8000-000000000003', 'Bài 3: Dấu lặng — khoảng nghỉ', 'published', 12, '[{"id":"l1","order":1,"logic":"DAN","type":"callout","title":"Im lặng cũng là nhạc","interactive":{"variant":"teacher"},"content":"Nhạc không chỉ có tiếng đàn — có những lúc phải <b>nghỉ</b> (im lặng). Khoảng nghỉ đó ghi bằng <b>dấu lặng</b>, và nó cũng có <b>độ dài</b> đúng như nốt vậy."},{"id":"l2","order":2,"logic":"NGHI","type":"text","title":"Dấu lặng đen = nghỉ 1 phách","content":"<p style=\"font-size:16px;line-height:1.75;margin:0;color:#3A352F\">Loại cơ bản là <b>dấu lặng đen</b> — <b>nghỉ 1 phách</b> (im bằng một nốt đen). Khi <b>Nghe mẫu</b>, tới dấu lặng thì đàn <b>im</b> nhưng metronome <b>vẫn gõ</b> — bạn đếm tiếng gõ và giữ im đúng <b>1 phách</b> rồi mới chơi nốt kế.</p>"},{"id":"l3","order":3,"logic":"LAM","type":"note_practice","title":"Đánh theo: có dấu lặng","interactive":{"showDur":true,"notes":[{"label":"Mi","freq":329.63,"string":1,"fret":0,"staff":7,"dur":1},{"label":"Rê","freq":293.66,"string":2,"fret":3,"staff":6,"dur":1},{"label":"Đô","freq":261.63,"string":2,"fret":1,"staff":5,"dur":1},{"label":"","freq":0,"rest":true,"dur":1},{"label":"Mi","freq":329.63,"string":1,"fret":0,"staff":7,"dur":1},{"label":"Rê","freq":293.66,"string":2,"fret":3,"staff":6,"dur":1},{"label":"Đô","freq":261.63,"string":2,"fret":1,"staff":5,"dur":2}]}},{"id":"l4","order":4,"logic":"NGAM","type":"checklist","title":"Tự kiểm tra","interactive":{"items":["Mình nhận ra dấu lặng trên khuông (không phải nốt)","Tới dấu lặng mình giữ IM đúng 1 phách, metronome vẫn gõ","Mình vào lại nốt kế đúng nhịp sau khoảng nghỉ"]}},{"id":"l5","order":5,"logic":"DAN","type":"callout","title":"Lời thầy","interactive":{"variant":"teacher"},"content":"Giỏi lắm! Giờ bạn đọc được cả <b>nốt</b> lẫn <b>khoảng nghỉ</b> — đủ để đọc một bản nhạc thật. Bài cuối chương: <b>chơi lại một bài quen thuộc đúng nhịp</b>."}]'::jsonb)
ON CONFLICT (id) DO UPDATE SET lesson_id = EXCLUDED.lesson_id, title = EXCLUDED.title, status = EXCLUDED.status, reward_xp = EXCLUDED.reward_xp, slides = EXCLUDED.slides;

-- Bài 4: Ngôi Sao Nhỏ — đọc đúng nhịp
INSERT INTO edu_course_lessons (id, module_id, title, lesson_type, order_index, is_published, tier)
VALUES ('a5720000-0000-4000-8000-000000000004', 'c5720000-0000-4000-8000-000000000001', 'Bài 4: Ngôi Sao Nhỏ — đọc đúng nhịp', 'flow', 4, true, 'free')
ON CONFLICT (id) DO UPDATE SET module_id = EXCLUDED.module_id, title = EXCLUDED.title, order_index = EXCLUDED.order_index, lesson_type = 'flow', is_published = true;

INSERT INTO flows (id, lesson_id, title, status, reward_xp, slides)
VALUES ('f5720000-0000-4000-8000-000000000004', 'a5720000-0000-4000-8000-000000000004', 'Bài 4: Ngôi Sao Nhỏ — đọc đúng nhịp', 'published', 15, '[{"id":"z1","order":1,"logic":"DAN","type":"callout","title":"Bài tổng kết chương","interactive":{"variant":"teacher"},"content":"Bài cuối chương: chơi lại <b>Ngôi Sao Nhỏ</b> — nhưng lần này <b>đọc đúng nhịp</b>! Giờ bạn nhìn ra nốt nào <b>đen</b> (ngắn), nốt nào <b>trắng</b> (dài gấp đôi). Nghe khác hẳn lúc đàn đều đều."},{"id":"z2","order":2,"logic":"NGHI","type":"text","title":"Để ý cuối mỗi câu","content":"<p style=\"font-size:16px;line-height:1.7;margin:0;color:#3A352F\">Nhìn kỹ: <b>cuối mỗi câu</b> là một nốt <b>trắng</b> (đầu rỗng) — ngân <b>2 phách</b>, như chỗ lấy hơi của giai điệu. Bấm <b>Nghe mẫu</b>: có <b>đếm lấy đà</b> và <b>metronome</b> — đàn theo, giữ nốt trắng cho đủ 2 tiếng gõ.</p>"},{"id":"z3","order":3,"logic":"LAM","type":"note_practice","title":"Đánh theo: Ngôi Sao Nhỏ (đúng nhịp)","interactive":{"showDur":true,"notes":[{"label":"Đô","freq":130.81,"string":5,"fret":3,"staff":-2,"dur":1},{"label":"Đô","freq":130.81,"string":5,"fret":3,"staff":-2,"dur":1},{"label":"Sol","freq":196,"string":3,"fret":0,"staff":2,"dur":1},{"label":"Sol","freq":196,"string":3,"fret":0,"staff":2,"dur":1},{"label":"La","freq":220,"string":3,"fret":2,"staff":3,"dur":1},{"label":"La","freq":220,"string":3,"fret":2,"staff":3,"dur":1},{"label":"Sol","freq":196,"string":3,"fret":0,"staff":2,"dur":2},{"label":"Fa","freq":174.61,"string":4,"fret":3,"staff":1,"dur":1},{"label":"Fa","freq":174.61,"string":4,"fret":3,"staff":1,"dur":1},{"label":"Mi","freq":164.81,"string":4,"fret":2,"staff":0,"dur":1},{"label":"Mi","freq":164.81,"string":4,"fret":2,"staff":0,"dur":1},{"label":"Rê","freq":146.83,"string":4,"fret":0,"staff":-1,"dur":1},{"label":"Rê","freq":146.83,"string":4,"fret":0,"staff":-1,"dur":1},{"label":"Đô","freq":130.81,"string":5,"fret":3,"staff":-2,"dur":2},{"label":"Sol","freq":196,"string":3,"fret":0,"staff":2,"dur":1},{"label":"Sol","freq":196,"string":3,"fret":0,"staff":2,"dur":1},{"label":"Fa","freq":174.61,"string":4,"fret":3,"staff":1,"dur":1},{"label":"Fa","freq":174.61,"string":4,"fret":3,"staff":1,"dur":1},{"label":"Mi","freq":164.81,"string":4,"fret":2,"staff":0,"dur":1},{"label":"Mi","freq":164.81,"string":4,"fret":2,"staff":0,"dur":1},{"label":"Rê","freq":146.83,"string":4,"fret":0,"staff":-1,"dur":2},{"label":"Sol","freq":196,"string":3,"fret":0,"staff":2,"dur":1},{"label":"Sol","freq":196,"string":3,"fret":0,"staff":2,"dur":1},{"label":"Fa","freq":174.61,"string":4,"fret":3,"staff":1,"dur":1},{"label":"Fa","freq":174.61,"string":4,"fret":3,"staff":1,"dur":1},{"label":"Mi","freq":164.81,"string":4,"fret":2,"staff":0,"dur":1},{"label":"Mi","freq":164.81,"string":4,"fret":2,"staff":0,"dur":1},{"label":"Rê","freq":146.83,"string":4,"fret":0,"staff":-1,"dur":2},{"label":"Đô","freq":130.81,"string":5,"fret":3,"staff":-2,"dur":1},{"label":"Đô","freq":130.81,"string":5,"fret":3,"staff":-2,"dur":1},{"label":"Sol","freq":196,"string":3,"fret":0,"staff":2,"dur":1},{"label":"Sol","freq":196,"string":3,"fret":0,"staff":2,"dur":1},{"label":"La","freq":220,"string":3,"fret":2,"staff":3,"dur":1},{"label":"La","freq":220,"string":3,"fret":2,"staff":3,"dur":1},{"label":"Sol","freq":196,"string":3,"fret":0,"staff":2,"dur":2},{"label":"Fa","freq":174.61,"string":4,"fret":3,"staff":1,"dur":1},{"label":"Fa","freq":174.61,"string":4,"fret":3,"staff":1,"dur":1},{"label":"Mi","freq":164.81,"string":4,"fret":2,"staff":0,"dur":1},{"label":"Mi","freq":164.81,"string":4,"fret":2,"staff":0,"dur":1},{"label":"Rê","freq":146.83,"string":4,"fret":0,"staff":-1,"dur":1},{"label":"Rê","freq":146.83,"string":4,"fret":0,"staff":-1,"dur":1},{"label":"Đô","freq":130.81,"string":5,"fret":3,"staff":-2,"dur":2}]}},{"id":"z4","order":4,"logic":"NGAM","type":"checklist","title":"Tự kiểm tra","interactive":{"items":["Mình chơi trọn bài, giữ nốt trắng đủ 2 phách","Mình theo được metronome, không vội không chậm","Mình nghe bài vang ĐÚNG như Ngôi Sao Nhỏ thật (không còn đều đều)"]}},{"id":"z5","order":5,"logic":"DAN","type":"callout","title":"Chúc mừng bạn!","interactive":{"variant":"teacher"},"content":"Hoàn thành Chương 5! Giờ bạn đọc được cả <b>cao độ</b> (nốt nào) lẫn <b>trường độ</b> (dài bao lâu) — tức là <b>đọc được một bản nhạc thật</b>. Đây là một cột mốc lớn trên hành trình tỉa nốt của bạn. 🎸"}]'::jsonb)
ON CONFLICT (id) DO UPDATE SET lesson_id = EXCLUDED.lesson_id, title = EXCLUDED.title, status = EXCLUDED.status, reward_xp = EXCLUDED.reward_xp, slides = EXCLUDED.slides;

-- Bài 5: Nốt móc đơn (nửa phách)
INSERT INTO edu_course_lessons (id, module_id, title, lesson_type, order_index, is_published, tier)
VALUES ('a5720000-0000-4000-8000-000000000005', 'c5720000-0000-4000-8000-000000000001', 'Bài 5: Nốt móc đơn (nửa phách)', 'flow', 5, true, 'free')
ON CONFLICT (id) DO UPDATE SET module_id = EXCLUDED.module_id, title = EXCLUDED.title, order_index = EXCLUDED.order_index, lesson_type = 'flow', is_published = true;

INSERT INTO flows (id, lesson_id, title, status, reward_xp, slides)
VALUES ('f5720000-0000-4000-8000-000000000005', 'a5720000-0000-4000-8000-000000000005', 'Bài 5: Nốt móc đơn (nửa phách)', 'published', 14, '[{"id":"c1","order":1,"logic":"DAN","type":"callout","title":"Nốt ngắn hơn — nốt móc đơn","interactive":{"variant":"teacher"},"content":"Loại cuối trong bộ trường độ: nốt <b>móc đơn</b> — ngắn nhất, chỉ <b>nửa phách</b>. Đầu nốt <b>đặc</b>, có đuôi và thêm một <b>dấu móc</b> nhỏ. <b>Hai nốt móc đơn</b> ghép lại = <b>một nốt đen</b>."},{"id":"c2","order":2,"logic":"NHAN","type":"note_show","title":"Nốt móc đơn — ½ phách","interactive":{"label":"Mi","freq":329.63,"string":1,"fret":0,"staff":7,"dur":0.5,"showStaff":true,"showFretboard":false,"caption":"<b>Nốt móc đơn</b>: đầu đặc, có đuôi + <b>dấu móc</b>. Ngân <b>nửa phách</b> — nhanh gấp đôi nốt đen. Thường đi thành <b>cặp đôi</b>."}},{"id":"c3","order":3,"logic":"NGHI","type":"text","title":"Đếm \"1-và 2-và\"","content":"<p style=\"font-size:16px;line-height:1.75;margin:0;color:#3A352F\">Mỗi phách chia làm <b>hai nửa</b>: đếm <b>\"1 - và - 2 - và\"</b>. Nốt đen = cả phách (\"1\"); <b>hai nốt móc đơn</b> = \"1 - và\" (hai nửa). Nghe mẫu để cảm: chỗ móc đơn chạy <b>nhanh gấp đôi</b>.</p>"},{"id":"c4","order":4,"logic":"LAM","type":"note_practice","title":"Đánh theo: có nốt móc đơn","interactive":{"showDur":true,"beatsPerBar":4,"notes":[{"label":"Đô","freq":261.63,"string":2,"fret":1,"staff":5,"dur":1},{"label":"Rê","freq":293.66,"string":2,"fret":3,"staff":6,"dur":1},{"label":"Mi","freq":329.63,"string":1,"fret":0,"staff":7,"dur":0.5},{"label":"Fa","freq":349.23,"string":1,"fret":1,"staff":8,"dur":0.5},{"label":"Sol","freq":392,"string":1,"fret":3,"staff":9,"dur":1},{"label":"Sol","freq":392,"string":1,"fret":3,"staff":9,"dur":0.5},{"label":"Fa","freq":349.23,"string":1,"fret":1,"staff":8,"dur":0.5},{"label":"Mi","freq":329.63,"string":1,"fret":0,"staff":7,"dur":0.5},{"label":"Rê","freq":293.66,"string":2,"fret":3,"staff":6,"dur":0.5},{"label":"Đô","freq":261.63,"string":2,"fret":1,"staff":5,"dur":2}]}},{"id":"c5","order":5,"logic":"NGAM","type":"checklist","title":"Tự kiểm tra","interactive":{"items":["Mình nhận ra nốt móc đơn (có dấu móc ở đuôi)","Mình nghe cặp móc đơn chạy nhanh gấp đôi nốt đen","Mỗi ô mình vẫn giữ đủ 4 phách"]}},{"id":"c6","order":6,"logic":"DAN","type":"callout","title":"Lời thầy","interactive":{"variant":"teacher"},"content":"Tuyệt! Giờ bạn đọc được đủ <b>bốn loại trường độ</b>: tròn, trắng, đen, móc đơn — chơi được nhịp điệu của gần như mọi bài hát. Bài sau ta <b>vận dụng</b> vào một bài Việt quen thuộc!"}]'::jsonb)
ON CONFLICT (id) DO UPDATE SET lesson_id = EXCLUDED.lesson_id, title = EXCLUDED.title, status = EXCLUDED.status, reward_xp = EXCLUDED.reward_xp, slides = EXCLUDED.slides;

-- ===== Chương 6: Ô nhịp & số chỉ nhịp =====
INSERT INTO edu_modules (id, course_id, name, order_index)
VALUES ('c6720000-0000-4000-8000-000000000001', '4e80d7ec-3b99-426a-a090-990d37eb24c0', 'Chương 6: Ô nhịp & số chỉ nhịp', 5)
ON CONFLICT (id) DO UPDATE SET name = EXCLUDED.name, order_index = EXCLUDED.order_index;

-- Bài 1: Ô nhịp & nhịp 4/4
INSERT INTO edu_course_lessons (id, module_id, title, lesson_type, order_index, is_published, tier)
VALUES ('a6720000-0000-4000-8000-000000000001', 'c6720000-0000-4000-8000-000000000001', 'Bài 1: Ô nhịp & nhịp 4/4', 'flow', 1, true, 'free')
ON CONFLICT (id) DO UPDATE SET module_id = EXCLUDED.module_id, title = EXCLUDED.title, order_index = EXCLUDED.order_index, lesson_type = 'flow', is_published = true;

INSERT INTO flows (id, lesson_id, title, status, reward_xp, slides)
VALUES ('f6720000-0000-4000-8000-000000000001', 'a6720000-0000-4000-8000-000000000001', 'Bài 1: Ô nhịp & nhịp 4/4', 'published', 12, '[{"id":"m1","order":1,"logic":"DAN","type":"callout","title":"Chia bản nhạc thành ô","interactive":{"variant":"teacher"},"content":"Một bản nhạc được chia thành nhiều <b>ô nhịp</b> bằng những <b>vạch dọc</b>. Đầu bản nhạc có <b>số chỉ nhịp</b> cho biết mỗi ô có <b>mấy phách</b> — đây chính là lý do ta đếm \"1-2-3-4\" lúc lấy đà."},{"id":"m2","order":2,"logic":"NGHI","type":"text","title":"Nhịp 4/4","content":"<p style=\"font-size:16px;line-height:1.75;margin:0;color:#3A352F\">Số <b>4/4</b> (số 4 trên) nghĩa là <b>mỗi ô có 4 phách</b>. Mỗi <b>vạch dọc</b> khép lại một ô đủ 4 phách. Ví dụ dưới: ô đầu là <b>4 nốt đen</b> (1+1+1+1), ô sau là <b>2 nốt trắng</b> (2+2) — cả hai đều đủ <b>4 phách</b>. Nghe mẫu sẽ đếm 4 phách lấy đà.</p>"},{"id":"m3","order":3,"logic":"LAM","type":"note_practice","title":"Đánh theo: nhịp 4/4","interactive":{"showDur":true,"beatsPerBar":4,"notes":[{"label":"Đô","freq":261.63,"string":2,"fret":1,"staff":5,"dur":1},{"label":"Rê","freq":293.66,"string":2,"fret":3,"staff":6,"dur":1},{"label":"Mi","freq":329.63,"string":1,"fret":0,"staff":7,"dur":1},{"label":"Fa","freq":349.23,"string":1,"fret":1,"staff":8,"dur":1},{"label":"Sol","freq":392,"string":1,"fret":3,"staff":9,"dur":2},{"label":"Mi","freq":329.63,"string":1,"fret":0,"staff":7,"dur":2}]}},{"id":"m4","order":4,"logic":"NGAM","type":"checklist","title":"Tự kiểm tra","interactive":{"items":["Mình thấy vạch nhịp chia bài thành từng ô 4 phách","Mình đếm được mỗi ô đủ 4 phách (đen=1, trắng=2)","Mình đàn theo, mỗi ô đúng 4 tiếng gõ metronome"]}},{"id":"m5","order":5,"logic":"DAN","type":"callout","title":"Lời thầy","interactive":{"variant":"teacher"},"content":"Tốt lắm! Giờ bạn hiểu <b>ô nhịp</b> — cách nhạc gom phách thành nhóm đều đặn. Bài sau đổi sang <b>nhịp 3/4</b> (nhịp valse, mỗi ô 3 phách)."}]'::jsonb)
ON CONFLICT (id) DO UPDATE SET lesson_id = EXCLUDED.lesson_id, title = EXCLUDED.title, status = EXCLUDED.status, reward_xp = EXCLUDED.reward_xp, slides = EXCLUDED.slides;

-- Bài 2: Nhịp 3/4 (valse)
INSERT INTO edu_course_lessons (id, module_id, title, lesson_type, order_index, is_published, tier)
VALUES ('a6720000-0000-4000-8000-000000000002', 'c6720000-0000-4000-8000-000000000001', 'Bài 2: Nhịp 3/4 (valse)', 'flow', 2, true, 'free')
ON CONFLICT (id) DO UPDATE SET module_id = EXCLUDED.module_id, title = EXCLUDED.title, order_index = EXCLUDED.order_index, lesson_type = 'flow', is_published = true;

INSERT INTO flows (id, lesson_id, title, status, reward_xp, slides)
VALUES ('f6720000-0000-4000-8000-000000000002', 'a6720000-0000-4000-8000-000000000002', 'Bài 2: Nhịp 3/4 (valse)', 'published', 12, '[{"id":"v1","order":1,"logic":"DAN","type":"callout","title":"Nhịp ba — điệu valse","interactive":{"variant":"teacher"},"content":"Đổi sang <b>nhịp 3/4</b>: mỗi ô chỉ có <b>3 phách</b>. Đây là nhịp của điệu <b>valse</b> (nhịp ba) — đếm <b>1-2-3, 1-2-3</b>. Để ý: lấy đà giờ chỉ đếm <b>3</b>, không phải 4."},{"id":"v2","order":2,"logic":"NGHI","type":"text","title":"Mỗi ô 3 phách","content":"<p style=\"font-size:16px;line-height:1.75;margin:0;color:#3A352F\">Số <b>3/4</b> (số 3 trên) = <b>3 phách mỗi ô</b>. Ví dụ: ô đầu <b>3 nốt đen</b> (1+1+1), ô sau <b>1 đen + 1 trắng</b> (1+2) — đều đủ <b>3 phách</b>. Nghe mẫu đếm 3 phách lấy đà.</p>"},{"id":"v3","order":3,"logic":"LAM","type":"note_practice","title":"Đánh theo: nhịp 3/4","interactive":{"showDur":true,"beatsPerBar":3,"notes":[{"label":"Đô","freq":261.63,"string":2,"fret":1,"staff":5,"dur":1},{"label":"Rê","freq":293.66,"string":2,"fret":3,"staff":6,"dur":1},{"label":"Mi","freq":329.63,"string":1,"fret":0,"staff":7,"dur":1},{"label":"Fa","freq":349.23,"string":1,"fret":1,"staff":8,"dur":1},{"label":"Sol","freq":392,"string":1,"fret":3,"staff":9,"dur":2}]}},{"id":"v4","order":4,"logic":"NGAM","type":"checklist","title":"Tự kiểm tra","interactive":{"items":["Mình thấy mỗi ô chỉ có 3 phách","Lấy đà đếm đúng 3 (không phải 4)","Mình cảm được nhịp đung-đưa của valse"]}},{"id":"v5","order":5,"logic":"DAN","type":"callout","title":"Lời thầy","interactive":{"variant":"teacher"},"content":"Hay lắm! Cùng một nốt nhưng nhịp khác nhau cho <b>cảm giác khác hẳn</b>. Bài sau: <b>nhịp 2/4</b> — nhịp hành khúc, mỗi ô 2 phách."}]'::jsonb)
ON CONFLICT (id) DO UPDATE SET lesson_id = EXCLUDED.lesson_id, title = EXCLUDED.title, status = EXCLUDED.status, reward_xp = EXCLUDED.reward_xp, slides = EXCLUDED.slides;

-- Bài 3: Nhịp 2/4 (hành khúc)
INSERT INTO edu_course_lessons (id, module_id, title, lesson_type, order_index, is_published, tier)
VALUES ('a6720000-0000-4000-8000-000000000003', 'c6720000-0000-4000-8000-000000000001', 'Bài 3: Nhịp 2/4 (hành khúc)', 'flow', 3, true, 'free')
ON CONFLICT (id) DO UPDATE SET module_id = EXCLUDED.module_id, title = EXCLUDED.title, order_index = EXCLUDED.order_index, lesson_type = 'flow', is_published = true;

INSERT INTO flows (id, lesson_id, title, status, reward_xp, slides)
VALUES ('f6720000-0000-4000-8000-000000000003', 'a6720000-0000-4000-8000-000000000003', 'Bài 3: Nhịp 2/4 (hành khúc)', 'published', 12, '[{"id":"h1","order":1,"logic":"DAN","type":"callout","title":"Nhịp hai — bước đều","interactive":{"variant":"teacher"},"content":"<b>Nhịp 2/4</b>: mỗi ô <b>2 phách</b> — nhịp của <b>hành khúc</b>, bước đều \"1-2, 1-2\" như đi diễu hành. Lấy đà đếm <b>2</b>."},{"id":"h2","order":2,"logic":"NGHI","type":"text","title":"Mỗi ô 2 phách","content":"<p style=\"font-size:16px;line-height:1.75;margin:0;color:#3A352F\">Số <b>2/4</b> = <b>2 phách mỗi ô</b>. Ví dụ dưới có <b>3 ô</b>: hai ô đầu mỗi ô <b>2 nốt đen</b> (1+1), ô cuối <b>1 nốt trắng</b> (2) — đều đủ 2 phách. Bước nào cũng chắc nịch \"1-2\".</p>"},{"id":"h3","order":3,"logic":"LAM","type":"note_practice","title":"Đánh theo: nhịp 2/4","interactive":{"showDur":true,"beatsPerBar":2,"notes":[{"label":"Đô","freq":261.63,"string":2,"fret":1,"staff":5,"dur":1},{"label":"Rê","freq":293.66,"string":2,"fret":3,"staff":6,"dur":1},{"label":"Mi","freq":329.63,"string":1,"fret":0,"staff":7,"dur":1},{"label":"Fa","freq":349.23,"string":1,"fret":1,"staff":8,"dur":1},{"label":"Sol","freq":392,"string":1,"fret":3,"staff":9,"dur":2}]}},{"id":"h4","order":4,"logic":"NGAM","type":"checklist","title":"Tự kiểm tra","interactive":{"items":["Mình thấy mỗi ô chỉ 2 phách","Lấy đà đếm đúng 2","Mình giữ bước đều 1-2 theo metronome"]}},{"id":"h5","order":5,"logic":"DAN","type":"callout","title":"Lời thầy","interactive":{"variant":"teacher"},"content":"Giỏi! Giờ bạn phân biệt được <b>2/4 · 3/4 · 4/4</b>. Bài cuối chương: đọc một <b>bài hát thật</b> có đủ số chỉ nhịp và vạch nhịp."}]'::jsonb)
ON CONFLICT (id) DO UPDATE SET lesson_id = EXCLUDED.lesson_id, title = EXCLUDED.title, status = EXCLUDED.status, reward_xp = EXCLUDED.reward_xp, slides = EXCLUDED.slides;

-- Bài 4: Đọc bài có ô nhịp — Ode to Joy
INSERT INTO edu_course_lessons (id, module_id, title, lesson_type, order_index, is_published, tier)
VALUES ('a6720000-0000-4000-8000-000000000004', 'c6720000-0000-4000-8000-000000000001', 'Bài 4: Đọc bài có ô nhịp — Ode to Joy', 'flow', 4, true, 'free')
ON CONFLICT (id) DO UPDATE SET module_id = EXCLUDED.module_id, title = EXCLUDED.title, order_index = EXCLUDED.order_index, lesson_type = 'flow', is_published = true;

INSERT INTO flows (id, lesson_id, title, status, reward_xp, slides)
VALUES ('f6720000-0000-4000-8000-000000000004', 'a6720000-0000-4000-8000-000000000004', 'Bài 4: Đọc bài có ô nhịp — Ode to Joy', 'published', 15, '[{"id":"b1","order":1,"logic":"DAN","type":"callout","title":"Bản nhạc hoàn chỉnh","interactive":{"variant":"teacher"},"content":"Bài tổng kết: đọc <b>Ode to Joy</b> như một <b>bản nhạc thật</b> — có <b>khóa Sol</b>, <b>số chỉ nhịp 4/4</b>, <b>vạch nhịp</b> chia ô, và nốt <b>đen/trắng</b>. Bạn đã đủ ''đồ nghề'' để đọc nó!"},{"id":"b2","order":2,"logic":"NGHI","type":"text","title":"Bốn ô nhịp 4/4","content":"<p style=\"font-size:16px;line-height:1.7;margin:0;color:#3A352F\">Bài này có <b>4 ô</b>, mỗi ô 4 phách. Nhìn vạch nhịp để biết mình đang ở ô nào. Câu kết là một <b>nốt trắng</b> ngân 2 phách. Nghe mẫu (đếm 4 lấy đà) rồi đàn theo cho <b>chắc từng ô</b>.</p>"},{"id":"b3","order":3,"logic":"LAM","type":"note_practice","title":"Đánh theo: Ode to Joy (4/4)","interactive":{"showDur":true,"beatsPerBar":4,"notes":[{"label":"Mi","freq":329.63,"string":1,"fret":0,"staff":7,"dur":1},{"label":"Mi","freq":329.63,"string":1,"fret":0,"staff":7,"dur":1},{"label":"Fa","freq":349.23,"string":1,"fret":1,"staff":8,"dur":1},{"label":"Sol","freq":392,"string":1,"fret":3,"staff":9,"dur":1},{"label":"Sol","freq":392,"string":1,"fret":3,"staff":9,"dur":1},{"label":"Fa","freq":349.23,"string":1,"fret":1,"staff":8,"dur":1},{"label":"Mi","freq":329.63,"string":1,"fret":0,"staff":7,"dur":1},{"label":"Rê","freq":293.66,"string":2,"fret":3,"staff":6,"dur":1},{"label":"Đô","freq":261.63,"string":2,"fret":1,"staff":5,"dur":1},{"label":"Đô","freq":261.63,"string":2,"fret":1,"staff":5,"dur":1},{"label":"Rê","freq":293.66,"string":2,"fret":3,"staff":6,"dur":1},{"label":"Mi","freq":329.63,"string":1,"fret":0,"staff":7,"dur":1},{"label":"Mi","freq":329.63,"string":1,"fret":0,"staff":7,"dur":1},{"label":"Rê","freq":293.66,"string":2,"fret":3,"staff":6,"dur":1},{"label":"Rê","freq":293.66,"string":2,"fret":3,"staff":6,"dur":2}]}},{"id":"b4","order":4,"logic":"NGAM","type":"checklist","title":"Tự kiểm tra","interactive":{"items":["Mình đọc được cả bài: khóa Sol + 4/4 + vạch nhịp + nốt đen/trắng","Mình chơi đúng từng ô, mỗi ô đủ 4 phách","Mình nghe ra giai điệu Ode to Joy, giữ nhịp đều"]}},{"id":"b5","order":5,"logic":"DAN","type":"callout","title":"Chúc mừng!","interactive":{"variant":"teacher"},"content":"Hoàn thành Chương 6! Giờ bạn đọc được một <b>bản nhạc chuẩn</b> đầy đủ: cao độ, trường độ, và ô nhịp. Bạn đã thật sự <b>biết đọc nhạc</b> rồi. 🎉"}]'::jsonb)
ON CONFLICT (id) DO UPDATE SET lesson_id = EXCLUDED.lesson_id, title = EXCLUDED.title, status = EXCLUDED.status, reward_xp = EXCLUDED.reward_xp, slides = EXCLUDED.slides;

-- ===== Chương 7: Ôn tập & Vận dụng =====
INSERT INTO edu_modules (id, course_id, name, order_index)
VALUES ('c7720000-0000-4000-8000-000000000001', '4e80d7ec-3b99-426a-a090-990d37eb24c0', 'Chương 7: Ôn tập & Vận dụng', 6)
ON CONFLICT (id) DO UPDATE SET name = EXCLUDED.name, order_index = EXCLUDED.order_index;

-- Bài 1: Ôn cao độ — đọc nốt khắp cần đàn
INSERT INTO edu_course_lessons (id, module_id, title, lesson_type, order_index, is_published, tier)
VALUES ('a7720000-0000-4000-8000-000000000001', 'c7720000-0000-4000-8000-000000000001', 'Bài 1: Ôn cao độ — đọc nốt khắp cần đàn', 'flow', 1, true, 'free')
ON CONFLICT (id) DO UPDATE SET module_id = EXCLUDED.module_id, title = EXCLUDED.title, order_index = EXCLUDED.order_index, lesson_type = 'flow', is_published = true;

INSERT INTO flows (id, lesson_id, title, status, reward_xp, slides)
VALUES ('f7720000-0000-4000-8000-000000000001', 'a7720000-0000-4000-8000-000000000001', 'Bài 1: Ôn cao độ — đọc nốt khắp cần đàn', 'published', 12, '[{"id":"a1","order":1,"logic":"DAN","type":"callout","title":"Ôn lại: đọc nốt mọi dây","interactive":{"variant":"teacher"},"content":"Bắt đầu ôn tập! Câu này là <b>hợp âm rải Đô trưởng</b> đi lên qua <b>cả sáu dây</b> — mỗi dây một nốt (Sol–Đô–Mi–Sol–Đô–Mi). Đọc tên nốt và tìm đúng vị trí trên từng dây nhé."},{"id":"a2","order":2,"logic":"LAM","type":"note_practice","title":"Đánh theo: rải qua 6 dây","interactive":{"notes":[{"label":"Sol","freq":98,"string":6,"fret":3,"staff":-5},{"label":"Đô","freq":130.81,"string":5,"fret":3,"staff":-2},{"label":"Mi","freq":164.81,"string":4,"fret":2,"staff":0},{"label":"Sol","freq":196,"string":3,"fret":0,"staff":2},{"label":"Đô","freq":261.63,"string":2,"fret":1,"staff":5},{"label":"Mi","freq":329.63,"string":1,"fret":0,"staff":7}]}},{"id":"a3","order":3,"logic":"NGAM","type":"checklist","title":"Tự kiểm tra","interactive":{"items":["Mình đọc và tìm đúng nốt trên cả 6 dây","Mình chuyển từ dây trầm nhất lên dây cao mượt"]}},{"id":"a4","order":4,"logic":"DAN","type":"callout","title":"Lời thầy","interactive":{"variant":"teacher"},"content":"Đọc nốt khắp cần đàn — bạn làm được rồi! Bài sau ôn <b>trường độ và ô nhịp</b>."}]'::jsonb)
ON CONFLICT (id) DO UPDATE SET lesson_id = EXCLUDED.lesson_id, title = EXCLUDED.title, status = EXCLUDED.status, reward_xp = EXCLUDED.reward_xp, slides = EXCLUDED.slides;

-- Bài 2: Ôn trường độ & ô nhịp
INSERT INTO edu_course_lessons (id, module_id, title, lesson_type, order_index, is_published, tier)
VALUES ('a7720000-0000-4000-8000-000000000002', 'c7720000-0000-4000-8000-000000000001', 'Bài 2: Ôn trường độ & ô nhịp', 'flow', 2, true, 'free')
ON CONFLICT (id) DO UPDATE SET module_id = EXCLUDED.module_id, title = EXCLUDED.title, order_index = EXCLUDED.order_index, lesson_type = 'flow', is_published = true;

INSERT INTO flows (id, lesson_id, title, status, reward_xp, slides)
VALUES ('f7720000-0000-4000-8000-000000000002', 'a7720000-0000-4000-8000-000000000002', 'Bài 2: Ôn trường độ & ô nhịp', 'published', 12, '[{"id":"n1","order":1,"logic":"DAN","type":"callout","title":"Ôn lại: đọc nhịp","interactive":{"variant":"teacher"},"content":"Ôn cả bốn loại: nốt <b>đen</b> (1), <b>trắng</b> (2), <b>tròn</b> (4) và <b>dấu lặng</b> — trong nhịp <b>4/4</b>. Nghe mẫu có đếm lấy đà và metronome."},{"id":"n2","order":2,"logic":"LAM","type":"note_practice","title":"Đánh theo: ôn nhịp 4/4","interactive":{"showDur":true,"beatsPerBar":4,"notes":[{"label":"Đô","freq":261.63,"string":2,"fret":1,"staff":5,"dur":1},{"label":"Rê","freq":293.66,"string":2,"fret":3,"staff":6,"dur":1},{"label":"Mi","freq":329.63,"string":1,"fret":0,"staff":7,"dur":1},{"label":"","freq":0,"rest":true,"dur":1},{"label":"Fa","freq":349.23,"string":1,"fret":1,"staff":8,"dur":2},{"label":"Mi","freq":329.63,"string":1,"fret":0,"staff":7,"dur":2},{"label":"Đô","freq":261.63,"string":2,"fret":1,"staff":5,"dur":4}]}},{"id":"n3","order":3,"logic":"NGAM","type":"checklist","title":"Tự kiểm tra","interactive":{"items":["Mình đọc đúng đen/trắng/tròn/lặng","Mỗi ô mình giữ đủ 4 phách theo metronome"]}},{"id":"n4","order":4,"logic":"DAN","type":"callout","title":"Lời thầy","interactive":{"variant":"teacher"},"content":"Trường độ và ô nhịp — chắc rồi! Giờ tới <b>bài tốt nghiệp</b>: đọc trọn một bản nhạc hoàn chỉnh."}]'::jsonb)
ON CONFLICT (id) DO UPDATE SET lesson_id = EXCLUDED.lesson_id, title = EXCLUDED.title, status = EXCLUDED.status, reward_xp = EXCLUDED.reward_xp, slides = EXCLUDED.slides;

-- Bài 3: Vận dụng — Ode to Joy cùng ban nhạc
INSERT INTO edu_course_lessons (id, module_id, title, lesson_type, order_index, is_published, tier)
VALUES ('a7720000-0000-4000-8000-000000000003', 'c7720000-0000-4000-8000-000000000001', 'Bài 3: Vận dụng — Ode to Joy cùng ban nhạc', 'flow', 3, true, 'free')
ON CONFLICT (id) DO UPDATE SET module_id = EXCLUDED.module_id, title = EXCLUDED.title, order_index = EXCLUDED.order_index, lesson_type = 'flow', is_published = true;

INSERT INTO flows (id, lesson_id, title, status, reward_xp, slides)
VALUES ('f7720000-0000-4000-8000-000000000003', 'a7720000-0000-4000-8000-000000000003', 'Bài 3: Vận dụng — Ode to Joy cùng ban nhạc', 'published', 25, '[{"id":"t1","order":1,"logic":"DAN","type":"callout","title":"Ôn tập tổng hợp","interactive":{"variant":"teacher"},"content":"Giờ chơi cho <b>đã tai</b>: đọc trọn <b>Ode to Joy</b> (8 ô) nhưng lần này có cả <b>ban nhạc đệm</b> — trống, bass và strings — chạy nền phía dưới. Bạn tỉa giai điệu, ban nhạc lo phần còn lại!"},{"id":"t2","order":2,"logic":"NGHI","type":"text","title":"Trọn 8 ô","content":"<p style=\"font-size:16px;line-height:1.7;margin:0;color:#3A352F\">Bài chia <b>8 ô</b> nhịp 4/4. Bấm <b>Nghe mẫu</b>: sau 4 phách đếm lấy đà, <b>ban nhạc vào</b> và giai điệu chạy theo. Nghe cho quen rồi <b>đàn theo</b> — giữ nhịp đều cùng trống nhé.</p>"},{"id":"t3","order":3,"logic":"LAM","type":"note_practice","title":"Đánh theo: Ode to Joy (có ban nhạc)","interactive":{"showDur":true,"beatsPerBar":4,"notes":[{"label":"Mi","freq":329.63,"string":1,"fret":0,"staff":7,"dur":1},{"label":"Mi","freq":329.63,"string":1,"fret":0,"staff":7,"dur":1},{"label":"Fa","freq":349.23,"string":1,"fret":1,"staff":8,"dur":1},{"label":"Sol","freq":392,"string":1,"fret":3,"staff":9,"dur":1},{"label":"Sol","freq":392,"string":1,"fret":3,"staff":9,"dur":1},{"label":"Fa","freq":349.23,"string":1,"fret":1,"staff":8,"dur":1},{"label":"Mi","freq":329.63,"string":1,"fret":0,"staff":7,"dur":1},{"label":"Rê","freq":293.66,"string":2,"fret":3,"staff":6,"dur":1},{"label":"Đô","freq":261.63,"string":2,"fret":1,"staff":5,"dur":1},{"label":"Đô","freq":261.63,"string":2,"fret":1,"staff":5,"dur":1},{"label":"Rê","freq":293.66,"string":2,"fret":3,"staff":6,"dur":1},{"label":"Mi","freq":329.63,"string":1,"fret":0,"staff":7,"dur":1},{"label":"Mi","freq":329.63,"string":1,"fret":0,"staff":7,"dur":1},{"label":"Rê","freq":293.66,"string":2,"fret":3,"staff":6,"dur":1},{"label":"Rê","freq":293.66,"string":2,"fret":3,"staff":6,"dur":2},{"label":"Mi","freq":329.63,"string":1,"fret":0,"staff":7,"dur":1},{"label":"Mi","freq":329.63,"string":1,"fret":0,"staff":7,"dur":1},{"label":"Fa","freq":349.23,"string":1,"fret":1,"staff":8,"dur":1},{"label":"Sol","freq":392,"string":1,"fret":3,"staff":9,"dur":1},{"label":"Sol","freq":392,"string":1,"fret":3,"staff":9,"dur":1},{"label":"Fa","freq":349.23,"string":1,"fret":1,"staff":8,"dur":1},{"label":"Mi","freq":329.63,"string":1,"fret":0,"staff":7,"dur":1},{"label":"Rê","freq":293.66,"string":2,"fret":3,"staff":6,"dur":1},{"label":"Đô","freq":261.63,"string":2,"fret":1,"staff":5,"dur":1},{"label":"Đô","freq":261.63,"string":2,"fret":1,"staff":5,"dur":1},{"label":"Rê","freq":293.66,"string":2,"fret":3,"staff":6,"dur":1},{"label":"Mi","freq":329.63,"string":1,"fret":0,"staff":7,"dur":1},{"label":"Rê","freq":293.66,"string":2,"fret":3,"staff":6,"dur":1},{"label":"Đô","freq":261.63,"string":2,"fret":1,"staff":5,"dur":1},{"label":"Đô","freq":261.63,"string":2,"fret":1,"staff":5,"dur":2}],"chords":[{"bass":65.41,"pad":[130.81,164.81,196]},{"bass":98,"pad":[146.83,196,246.94]},{"bass":65.41,"pad":[130.81,164.81,196]},{"bass":98,"pad":[146.83,196,246.94]},{"bass":65.41,"pad":[130.81,164.81,196]},{"bass":98,"pad":[146.83,196,246.94]},{"bass":65.41,"pad":[130.81,164.81,196]},{"bass":65.41,"pad":[130.81,164.81,196]}],"scored":true}},{"id":"t4","order":4,"logic":"NGAM","type":"checklist","title":"Tự kiểm tra","interactive":{"items":["Mình chơi theo được cùng ban nhạc, không lạc nhịp","Mình đọc trọn bản nhạc: cao độ + trường độ + ô nhịp","Nghe vui tai như đang biểu diễn thật"]}},{"id":"t5","order":5,"logic":"DAN","type":"callout","title":"Lời thầy","interactive":{"variant":"teacher"},"content":"<b>Rất giỏi!</b> Bạn vừa đọc trọn một bản nhạc thật — kết hợp cao độ, trường độ và ô nhịp. Đây là cột mốc đáng tự hào, nhưng <b>hành trình còn tiếp</b>: phía trước là những giai điệu hay hơn, kỹ thuật mới và nhiều bài hát bạn yêu thích. Tiếp tục nhé! 🎸"}]'::jsonb)
ON CONFLICT (id) DO UPDATE SET lesson_id = EXCLUDED.lesson_id, title = EXCLUDED.title, status = EXCLUDED.status, reward_xp = EXCLUDED.reward_xp, slides = EXCLUDED.slides;

-- Bài 4: Vận dụng — Mary Had a Little Lamb (chơi & chấm)
INSERT INTO edu_course_lessons (id, module_id, title, lesson_type, order_index, is_published, tier)
VALUES ('a7720000-0000-4000-8000-000000000004', 'c7720000-0000-4000-8000-000000000001', 'Bài 4: Vận dụng — Mary Had a Little Lamb (chơi & chấm)', 'flow', 4, true, 'free')
ON CONFLICT (id) DO UPDATE SET module_id = EXCLUDED.module_id, title = EXCLUDED.title, order_index = EXCLUDED.order_index, lesson_type = 'flow', is_published = true;

INSERT INTO flows (id, lesson_id, title, status, reward_xp, slides)
VALUES ('f7720000-0000-4000-8000-000000000004', 'a7720000-0000-4000-8000-000000000004', 'Bài 4: Vận dụng — Mary Had a Little Lamb (chơi & chấm)', 'published', 18, '[{"id":"y1","order":1,"logic":"DAN","type":"callout","title":"Chơi cùng ban nhạc — có chấm điểm","interactive":{"variant":"teacher"},"content":"Một giai điệu <b>siêu đơn giản</b> để bạn <b>chơi cùng ban nhạc</b> và <b>tự chấm điểm</b>! Bấm <b>Chơi & chấm</b>: nốt chạy đều theo nhịp, bạn tỉa theo — cuối bài máy chấm bao nhiêu nốt đúng. <i>Mẹo: đeo tai nghe để mic chỉ nghe tiếng đàn của bạn.</i>"},{"id":"y2","order":2,"logic":"NGHI","type":"text","title":"Nhịp 4/4, vùng Đô–Sol","content":"<p style=\"font-size:16px;line-height:1.7;margin:0;color:#3A352F\">Bài chỉ dùng <b>Đô – Rê – Mi – Sol</b> (dây 1–2), nhịp <b>4/4</b>, 8 ô. Nghe mẫu (có ban nhạc) một lượt cho quen, rồi <b>Chơi & chấm</b> — cố theo kịp nhịp trống nhé!</p>"},{"id":"y3","order":3,"logic":"LAM","type":"note_practice","title":"Chơi & chấm: Mary Had a Little Lamb","interactive":{"showDur":true,"beatsPerBar":4,"scored":true,"chords":[{"bass":65.41,"pad":[130.81,164.81,196]},{"bass":65.41,"pad":[130.81,164.81,196]},{"bass":98,"pad":[146.83,196,246.94]},{"bass":65.41,"pad":[130.81,164.81,196]},{"bass":65.41,"pad":[130.81,164.81,196]},{"bass":65.41,"pad":[130.81,164.81,196]},{"bass":98,"pad":[146.83,196,246.94]},{"bass":65.41,"pad":[130.81,164.81,196]}],"notes":[{"label":"Mi","freq":329.63,"string":1,"fret":0,"staff":7,"dur":1},{"label":"Rê","freq":293.66,"string":2,"fret":3,"staff":6,"dur":1},{"label":"Đô","freq":261.63,"string":2,"fret":1,"staff":5,"dur":1},{"label":"Rê","freq":293.66,"string":2,"fret":3,"staff":6,"dur":1},{"label":"Mi","freq":329.63,"string":1,"fret":0,"staff":7,"dur":1},{"label":"Mi","freq":329.63,"string":1,"fret":0,"staff":7,"dur":1},{"label":"Mi","freq":329.63,"string":1,"fret":0,"staff":7,"dur":2},{"label":"Rê","freq":293.66,"string":2,"fret":3,"staff":6,"dur":1},{"label":"Rê","freq":293.66,"string":2,"fret":3,"staff":6,"dur":1},{"label":"Rê","freq":293.66,"string":2,"fret":3,"staff":6,"dur":2},{"label":"Mi","freq":329.63,"string":1,"fret":0,"staff":7,"dur":1},{"label":"Sol","freq":392,"string":1,"fret":3,"staff":9,"dur":1},{"label":"Sol","freq":392,"string":1,"fret":3,"staff":9,"dur":2},{"label":"Mi","freq":329.63,"string":1,"fret":0,"staff":7,"dur":1},{"label":"Rê","freq":293.66,"string":2,"fret":3,"staff":6,"dur":1},{"label":"Đô","freq":261.63,"string":2,"fret":1,"staff":5,"dur":1},{"label":"Rê","freq":293.66,"string":2,"fret":3,"staff":6,"dur":1},{"label":"Mi","freq":329.63,"string":1,"fret":0,"staff":7,"dur":1},{"label":"Mi","freq":329.63,"string":1,"fret":0,"staff":7,"dur":1},{"label":"Mi","freq":329.63,"string":1,"fret":0,"staff":7,"dur":1},{"label":"Mi","freq":329.63,"string":1,"fret":0,"staff":7,"dur":1},{"label":"Rê","freq":293.66,"string":2,"fret":3,"staff":6,"dur":1},{"label":"Rê","freq":293.66,"string":2,"fret":3,"staff":6,"dur":1},{"label":"Mi","freq":329.63,"string":1,"fret":0,"staff":7,"dur":1},{"label":"Rê","freq":293.66,"string":2,"fret":3,"staff":6,"dur":1},{"label":"Đô","freq":261.63,"string":2,"fret":1,"staff":5,"dur":4}]}},{"id":"y4","order":4,"logic":"NGAM","type":"checklist","title":"Tự kiểm tra","interactive":{"items":["Mình chơi theo kịp ban nhạc","Điểm mình đạt từ ⭐ trở lên","Nghe vui như đang biểu diễn"]}},{"id":"y5","order":5,"logic":"DAN","type":"callout","title":"Lời thầy","interactive":{"variant":"teacher"},"content":"Chơi cùng ban nhạc đã tai chưa! Càng tập, điểm càng cao và tay càng chắc. Cố lấy đủ <b>3 sao</b> nhé! 🎸🥁"}]'::jsonb)
ON CONFLICT (id) DO UPDATE SET lesson_id = EXCLUDED.lesson_id, title = EXCLUDED.title, status = EXCLUDED.status, reward_xp = EXCLUDED.reward_xp, slides = EXCLUDED.slides;

-- Bài 5: Vận dụng — Kìa con bướm vàng (có nhạc nền)
INSERT INTO edu_course_lessons (id, module_id, title, lesson_type, order_index, is_published, tier)
VALUES ('a7720000-0000-4000-8000-000000000005', 'c7720000-0000-4000-8000-000000000001', 'Bài 5: Vận dụng — Kìa con bướm vàng (có nhạc nền)', 'flow', 5, true, 'free')
ON CONFLICT (id) DO UPDATE SET module_id = EXCLUDED.module_id, title = EXCLUDED.title, order_index = EXCLUDED.order_index, lesson_type = 'flow', is_published = true;

INSERT INTO flows (id, lesson_id, title, status, reward_xp, slides)
VALUES ('f7720000-0000-4000-8000-000000000005', 'a7720000-0000-4000-8000-000000000005', 'Bài 5: Vận dụng — Kìa con bướm vàng (có nhạc nền)', 'published', 16, '[{"id":"k1","order":1,"logic":"DAN","type":"callout","title":"Bài Việt quen thuộc — có ban nhạc","interactive":{"variant":"teacher"},"content":"Một bài <b>ai cũng thuộc</b>: <b>Kìa con bướm vàng</b>! Lần này có <b>ban nhạc đệm</b> cho vui. Bài ở <b>vùng trầm</b> (có Sol dây 6) và có cả <b>nốt móc đơn</b> ở câu \"tung cánh bay ra vườn\". Cứ <b>nhìn nốt trên khuông</b> mà đàn — chưa cần thuộc lòng."},{"id":"k2","order":2,"logic":"NGHI","type":"text","title":"Nhìn nốt mà chơi","content":"<p style=\"font-size:16px;line-height:1.7;margin:0;color:#3A352F\">Bài 8 ô, nhịp <b>4/4</b>. Câu \"tung cánh bay ra vườn\" chạy <b>móc đơn</b> (nhanh gấp đôi). Bấm <b>Nghe mẫu</b> (có ban nhạc) nghe cho quen, rồi <b>Tự đàn</b> — máy chờ bạn đàn đúng mới sang nốt, <b>không vội</b>.</p>"},{"id":"k3","order":3,"logic":"LAM","type":"note_practice","title":"Kìa con bướm vàng (có nhạc nền)","interactive":{"showDur":true,"beatsPerBar":4,"chords":[{"bass":65.41,"pad":[98,130.81,164.81]},{"bass":65.41,"pad":[98,130.81,164.81]},{"bass":65.41,"pad":[98,130.81,164.81]},{"bass":65.41,"pad":[98,130.81,164.81]},{"bass":65.41,"pad":[98,130.81,164.81]},{"bass":65.41,"pad":[98,130.81,164.81]},{"bass":65.41,"pad":[98,130.81,164.81]},{"bass":65.41,"pad":[98,130.81,164.81]}],"notes":[{"label":"Đô","freq":130.81,"string":5,"fret":3,"staff":-2,"dur":1},{"label":"Rê","freq":146.83,"string":4,"fret":0,"staff":-1,"dur":1},{"label":"Mi","freq":164.81,"string":4,"fret":2,"staff":0,"dur":1},{"label":"Đô","freq":130.81,"string":5,"fret":3,"staff":-2,"dur":1},{"label":"Đô","freq":130.81,"string":5,"fret":3,"staff":-2,"dur":1},{"label":"Rê","freq":146.83,"string":4,"fret":0,"staff":-1,"dur":1},{"label":"Mi","freq":164.81,"string":4,"fret":2,"staff":0,"dur":1},{"label":"Đô","freq":130.81,"string":5,"fret":3,"staff":-2,"dur":1},{"label":"Mi","freq":164.81,"string":4,"fret":2,"staff":0,"dur":1},{"label":"Fa","freq":174.61,"string":4,"fret":3,"staff":1,"dur":1},{"label":"Sol","freq":196,"string":3,"fret":0,"staff":2,"dur":2},{"label":"Mi","freq":164.81,"string":4,"fret":2,"staff":0,"dur":1},{"label":"Fa","freq":174.61,"string":4,"fret":3,"staff":1,"dur":1},{"label":"Sol","freq":196,"string":3,"fret":0,"staff":2,"dur":2},{"label":"Sol","freq":196,"string":3,"fret":0,"staff":2,"dur":0.5},{"label":"La","freq":220,"string":3,"fret":2,"staff":3,"dur":0.5},{"label":"Sol","freq":196,"string":3,"fret":0,"staff":2,"dur":0.5},{"label":"Fa","freq":174.61,"string":4,"fret":3,"staff":1,"dur":0.5},{"label":"Mi","freq":164.81,"string":4,"fret":2,"staff":0,"dur":1},{"label":"Đô","freq":130.81,"string":5,"fret":3,"staff":-2,"dur":1},{"label":"Sol","freq":196,"string":3,"fret":0,"staff":2,"dur":0.5},{"label":"La","freq":220,"string":3,"fret":2,"staff":3,"dur":0.5},{"label":"Sol","freq":196,"string":3,"fret":0,"staff":2,"dur":0.5},{"label":"Fa","freq":174.61,"string":4,"fret":3,"staff":1,"dur":0.5},{"label":"Mi","freq":164.81,"string":4,"fret":2,"staff":0,"dur":1},{"label":"Đô","freq":130.81,"string":5,"fret":3,"staff":-2,"dur":1},{"label":"Đô","freq":130.81,"string":5,"fret":3,"staff":-2,"dur":1},{"label":"Sol","freq":98,"string":6,"fret":3,"staff":-5,"dur":1},{"label":"Đô","freq":130.81,"string":5,"fret":3,"staff":-2,"dur":2},{"label":"Đô","freq":130.81,"string":5,"fret":3,"staff":-2,"dur":1},{"label":"Sol","freq":98,"string":6,"fret":3,"staff":-5,"dur":1},{"label":"Đô","freq":130.81,"string":5,"fret":3,"staff":-2,"dur":2}]}},{"id":"k4","order":4,"logic":"NGAM","type":"checklist","title":"Tự kiểm tra","interactive":{"items":["Mình nhìn nốt và đàn đúng cả bài","Mình chơi được câu móc đơn ''tung cánh bay ra vườn''","Nghe ra đúng giai điệu Kìa con bướm vàng, có ban nhạc đệm vui"]}},{"id":"k5","order":5,"logic":"DAN","type":"callout","title":"Lời thầy","interactive":{"variant":"teacher"},"content":"Chơi một bài Việt quen thuộc cùng ban nhạc — đã chưa! Cứ nhìn nốt mà đàn cho quen tay; nhớ cao độ sẽ đến dần sau nhiều lần chơi. 🎸"}]'::jsonb)
ON CONFLICT (id) DO UPDATE SET lesson_id = EXCLUDED.lesson_id, title = EXCLUDED.title, status = EXCLUDED.status, reward_xp = EXCLUDED.reward_xp, slides = EXCLUDED.slides;

-- Bài 6: Vận dụng — Jingle Bells (chơi & chấm)
INSERT INTO edu_course_lessons (id, module_id, title, lesson_type, order_index, is_published, tier)
VALUES ('a7720000-0000-4000-8000-000000000006', 'c7720000-0000-4000-8000-000000000001', 'Bài 6: Vận dụng — Jingle Bells (chơi & chấm)', 'flow', 6, true, 'free')
ON CONFLICT (id) DO UPDATE SET module_id = EXCLUDED.module_id, title = EXCLUDED.title, order_index = EXCLUDED.order_index, lesson_type = 'flow', is_published = true;

INSERT INTO flows (id, lesson_id, title, status, reward_xp, slides)
VALUES ('f7720000-0000-4000-8000-000000000006', 'a7720000-0000-4000-8000-000000000006', 'Bài 6: Vận dụng — Jingle Bells (chơi & chấm)', 'published', 18, '[{"id":"j1","order":1,"logic":"DAN","type":"callout","title":"Jingle Bells cùng ban nhạc","interactive":{"variant":"teacher"},"content":"Chơi luôn nào! <b>Jingle Bells</b> — vùng <b>Đô–Sol</b>, nhịp 4/4. Nghe mẫu (có ban nhạc) một lượt rồi <b>Chơi & chấm</b>. <i>Đeo tai nghe để mic chỉ nghe đàn của bạn.</i>"},{"id":"j2","order":2,"logic":"LAM","type":"note_practice","title":"Chơi & chấm: Jingle Bells","interactive":{"showDur":true,"beatsPerBar":4,"scored":true,"chords":[{"bass":65.41,"pad":[130.81,164.81,196]},{"bass":65.41,"pad":[130.81,164.81,196]},{"bass":65.41,"pad":[130.81,164.81,196]},{"bass":65.41,"pad":[130.81,164.81,196]},{"bass":87.31,"pad":[174.61,220,261.63]},{"bass":65.41,"pad":[130.81,164.81,196]},{"bass":98,"pad":[146.83,196,246.94]},{"bass":65.41,"pad":[130.81,164.81,196]}],"notes":[{"label":"Mi","freq":329.63,"string":1,"fret":0,"staff":7,"dur":1},{"label":"Mi","freq":329.63,"string":1,"fret":0,"staff":7,"dur":1},{"label":"Mi","freq":329.63,"string":1,"fret":0,"staff":7,"dur":2},{"label":"Mi","freq":329.63,"string":1,"fret":0,"staff":7,"dur":1},{"label":"Mi","freq":329.63,"string":1,"fret":0,"staff":7,"dur":1},{"label":"Mi","freq":329.63,"string":1,"fret":0,"staff":7,"dur":2},{"label":"Mi","freq":329.63,"string":1,"fret":0,"staff":7,"dur":1},{"label":"Sol","freq":392,"string":1,"fret":3,"staff":9,"dur":1},{"label":"Đô","freq":261.63,"string":2,"fret":1,"staff":5,"dur":1},{"label":"Rê","freq":293.66,"string":2,"fret":3,"staff":6,"dur":1},{"label":"Mi","freq":329.63,"string":1,"fret":0,"staff":7,"dur":4},{"label":"Fa","freq":349.23,"string":1,"fret":1,"staff":8,"dur":1},{"label":"Fa","freq":349.23,"string":1,"fret":1,"staff":8,"dur":1},{"label":"Fa","freq":349.23,"string":1,"fret":1,"staff":8,"dur":1},{"label":"Fa","freq":349.23,"string":1,"fret":1,"staff":8,"dur":1},{"label":"Fa","freq":349.23,"string":1,"fret":1,"staff":8,"dur":1},{"label":"Mi","freq":329.63,"string":1,"fret":0,"staff":7,"dur":1},{"label":"Mi","freq":329.63,"string":1,"fret":0,"staff":7,"dur":1},{"label":"Mi","freq":329.63,"string":1,"fret":0,"staff":7,"dur":1},{"label":"Mi","freq":329.63,"string":1,"fret":0,"staff":7,"dur":1},{"label":"Rê","freq":293.66,"string":2,"fret":3,"staff":6,"dur":1},{"label":"Rê","freq":293.66,"string":2,"fret":3,"staff":6,"dur":1},{"label":"Mi","freq":329.63,"string":1,"fret":0,"staff":7,"dur":1},{"label":"Rê","freq":293.66,"string":2,"fret":3,"staff":6,"dur":2},{"label":"Sol","freq":392,"string":1,"fret":3,"staff":9,"dur":2}]}},{"id":"j3","order":3,"logic":"NGAM","type":"checklist","title":"Tự kiểm tra","interactive":{"items":["Mình theo kịp ban nhạc","Điểm đạt từ ⭐ trở lên","Nghe ra đúng giai điệu Jingle Bells"]}},{"id":"j4","order":4,"logic":"DAN","type":"callout","title":"Lời thầy","interactive":{"variant":"teacher"},"content":"Rộn ràng chưa! Chơi lại vài lần cho tay quen và điểm cao dần nhé. 🎸🔔"}]'::jsonb)
ON CONFLICT (id) DO UPDATE SET lesson_id = EXCLUDED.lesson_id, title = EXCLUDED.title, status = EXCLUDED.status, reward_xp = EXCLUDED.reward_xp, slides = EXCLUDED.slides;

-- ===== Chương 8: Dấu thăng (#) =====
INSERT INTO edu_modules (id, course_id, name, order_index)
VALUES ('c8720000-0000-4000-8000-000000000001', '4e80d7ec-3b99-426a-a090-990d37eb24c0', 'Chương 8: Dấu thăng (#)', 7)
ON CONFLICT (id) DO UPDATE SET name = EXCLUDED.name, order_index = EXCLUDED.order_index;

-- Bài 1: Dấu thăng (#) & Sol#
INSERT INTO edu_course_lessons (id, module_id, title, lesson_type, order_index, is_published, tier)
VALUES ('a8720000-0000-4000-8000-000000000001', 'c8720000-0000-4000-8000-000000000001', 'Bài 1: Dấu thăng (#) & Sol#', 'flow', 1, true, 'free')
ON CONFLICT (id) DO UPDATE SET module_id = EXCLUDED.module_id, title = EXCLUDED.title, order_index = EXCLUDED.order_index, lesson_type = 'flow', is_published = true;

INSERT INTO flows (id, lesson_id, title, status, reward_xp, slides)
VALUES ('f8720000-0000-4000-8000-000000000001', 'a8720000-0000-4000-8000-000000000001', 'Bài 1: Dấu thăng (#) & Sol#', 'published', 12, '[{"id":"s1","order":1,"logic":"DAN","type":"callout","title":"Dấu thăng # là gì?","interactive":{"variant":"teacher"},"content":"Dấu <b>thăng (#)</b> đặt <b>trước</b> một nốt = <b>nâng nửa cung</b> = trên đàn bấm <b>cao hơn 1 ngăn</b>. Hãy so sánh <b>Sol</b> và <b>Sol#</b> để thấy rõ."},{"id":"s2","order":2,"logic":"NHAN","type":"note_show","title":"Sol thường","interactive":{"label":"Sol","freq":196,"string":3,"fret":0,"staff":2,"showStaff":true,"showFretboard":true,"caption":"<b>Sol thường</b> — dây 3 <b>buông</b> (○), không có dấu gì. Nghe kỹ cao độ của nó."}},{"id":"s3","order":3,"logic":"NHAN","type":"note_show","title":"Sol thăng (Sol#)","interactive":{"label":"Sol#","freq":207.65,"string":3,"fret":1,"staff":2,"acc":"#","showStaff":true,"showFretboard":true,"caption":"<b>Sol#</b> — có dấu <b>#</b> trước nốt (cùng dòng với Sol). Bấm <b>cao hơn 1 ngăn</b> (dây 3 ngăn 1). Nghe <b>cao hơn Sol nửa cung</b>."}},{"id":"s4","order":4,"logic":"NHAN","type":"note_show","title":"Sol# ở dây 1","interactive":{"label":"Sol#","freq":415.3,"string":1,"fret":4,"staff":9,"acc":"#","showStaff":true,"showFretboard":true,"caption":"Sol# cũng có ở <b>dây 1</b>: Sol là dây 1 <b>ngăn 3</b> → thêm # → bấm <b>ngăn 4</b>."}},{"id":"s5","order":5,"logic":"NHAN","type":"note_show","title":"Sol# ở dây 6","interactive":{"label":"Sol#","freq":103.83,"string":6,"fret":4,"staff":-5,"acc":"#","showStaff":true,"showFretboard":true,"caption":"Và ở <b>dây 6</b> (trầm nhất): Sol là dây 6 <b>ngăn 3</b> → thêm # → bấm <b>ngăn 4</b>."}},{"id":"s6","order":6,"logic":"LAM","type":"note_practice","title":"Đánh theo: Sol → Sol# → La","interactive":{"showDur":true,"notes":[{"label":"Sol","freq":196,"string":3,"fret":0,"staff":2,"dur":1},{"label":"Sol#","freq":207.65,"string":3,"fret":1,"staff":2,"acc":"#","dur":1},{"label":"La","freq":220,"string":3,"fret":2,"staff":3,"dur":2}]}},{"id":"s7","order":7,"logic":"NGAM","type":"checklist","title":"Tự kiểm tra","interactive":{"items":["Mình phân biệt được Sol và Sol# (Sol# cao hơn nửa cung)","Mình biết # = bấm cao hơn 1 ngăn","Mình tìm được Sol# ở dây 3, dây 1, dây 6"]}},{"id":"s8","order":8,"logic":"DAN","type":"callout","title":"Lời thầy","interactive":{"variant":"teacher"},"content":"Giỏi! Thấy dấu <b>#</b> là bấm <b>cao hơn 1 ngăn</b>. Bài sau ta chơi thử một <b>đoạn nhạc ngắn có Sol#</b>."}]'::jsonb)
ON CONFLICT (id) DO UPDATE SET lesson_id = EXCLUDED.lesson_id, title = EXCLUDED.title, status = EXCLUDED.status, reward_xp = EXCLUDED.reward_xp, slides = EXCLUDED.slides;

-- Bài 2: Đoạn nhạc ngắn có Sol#
INSERT INTO edu_course_lessons (id, module_id, title, lesson_type, order_index, is_published, tier)
VALUES ('a8720000-0000-4000-8000-000000000002', 'c8720000-0000-4000-8000-000000000001', 'Bài 2: Đoạn nhạc ngắn có Sol#', 'flow', 2, true, 'free')
ON CONFLICT (id) DO UPDATE SET module_id = EXCLUDED.module_id, title = EXCLUDED.title, order_index = EXCLUDED.order_index, lesson_type = 'flow', is_published = true;

INSERT INTO flows (id, lesson_id, title, status, reward_xp, slides)
VALUES ('f8720000-0000-4000-8000-000000000002', 'a8720000-0000-4000-8000-000000000002', 'Bài 2: Đoạn nhạc ngắn có Sol#', 'published', 14, '[{"id":"t1","order":1,"logic":"DAN","type":"callout","title":"Thực hành với Sol#","interactive":{"variant":"teacher"},"content":"Một đoạn ngắn tông <b>La thứ</b> có <b>Sol#</b> (dây 3 ngăn 1). Để ý mỗi lần <b>Sol# → La</b> nghe rất \"muốn\" về nhà. Nghe mẫu (có nhạc nền) rồi tự đàn."},{"id":"t2","order":2,"logic":"LAM","type":"note_practice","title":"Đánh theo: đoạn nhạc có Sol#","interactive":{"showDur":true,"beatsPerBar":4,"chords":[{"bass":110,"pad":[130.81,164.81,220]},{"bass":82.41,"pad":[123.47,164.81,207.65]},{"bass":110,"pad":[130.81,164.81,220]},{"bass":82.41,"pad":[123.47,164.81,207.65]}],"notes":[{"label":"La","freq":220,"string":3,"fret":2,"staff":3,"dur":1},{"label":"Sol#","freq":207.65,"string":3,"fret":1,"staff":2,"acc":"#","dur":1},{"label":"La","freq":220,"string":3,"fret":2,"staff":3,"dur":1},{"label":"Si","freq":246.94,"string":2,"fret":0,"staff":4,"dur":1},{"label":"Đô","freq":261.63,"string":2,"fret":1,"staff":5,"dur":1},{"label":"Si","freq":246.94,"string":2,"fret":0,"staff":4,"dur":1},{"label":"La","freq":220,"string":3,"fret":2,"staff":3,"dur":1},{"label":"Sol#","freq":207.65,"string":3,"fret":1,"staff":2,"acc":"#","dur":1},{"label":"La","freq":220,"string":3,"fret":2,"staff":3,"dur":1},{"label":"Si","freq":246.94,"string":2,"fret":0,"staff":4,"dur":1},{"label":"Đô","freq":261.63,"string":2,"fret":1,"staff":5,"dur":1},{"label":"Si","freq":246.94,"string":2,"fret":0,"staff":4,"dur":1},{"label":"La","freq":220,"string":3,"fret":2,"staff":3,"dur":1},{"label":"Sol#","freq":207.65,"string":3,"fret":1,"staff":2,"acc":"#","dur":1},{"label":"La","freq":220,"string":3,"fret":2,"staff":3,"dur":2}]}},{"id":"t3","order":3,"logic":"NGAM","type":"checklist","title":"Tự kiểm tra","interactive":{"items":["Mình bấm đúng Sol# (dây 3 ngăn 1) mỗi lần gặp dấu #","Mình nghe Sol# dẫn về La","Mình chơi liền cả đoạn theo nhạc nền"]}},{"id":"t4","order":4,"logic":"DAN","type":"callout","title":"Lời thầy","interactive":{"variant":"teacher"},"content":"Tuyệt! Chơi được Sol# trong một đoạn nhạc thật rồi. Đây là chìa khoá để đàn các bài buồn tông La thứ. 🎸"}]'::jsonb)
ON CONFLICT (id) DO UPDATE SET lesson_id = EXCLUDED.lesson_id, title = EXCLUDED.title, status = EXCLUDED.status, reward_xp = EXCLUDED.reward_xp, slides = EXCLUDED.slides;

-- Bài 3: Đoạn nhạc có Sol# (dây 6)
INSERT INTO edu_course_lessons (id, module_id, title, lesson_type, order_index, is_published, tier)
VALUES ('a8720000-0000-4000-8000-000000000003', 'c8720000-0000-4000-8000-000000000001', 'Bài 3: Đoạn nhạc có Sol# (dây 6)', 'flow', 3, true, 'free')
ON CONFLICT (id) DO UPDATE SET module_id = EXCLUDED.module_id, title = EXCLUDED.title, order_index = EXCLUDED.order_index, lesson_type = 'flow', is_published = true;

INSERT INTO flows (id, lesson_id, title, status, reward_xp, slides)
VALUES ('f8720000-0000-4000-8000-000000000003', 'a8720000-0000-4000-8000-000000000003', 'Bài 3: Đoạn nhạc có Sol# (dây 6)', 'published', 14, '[{"id":"u1","order":1,"logic":"DAN","type":"callout","title":"Sol# ở vùng trầm (dây 6)","interactive":{"variant":"teacher"},"content":"Lần này đoạn nhạc ở <b>vùng trầm</b>, dùng <b>Sol# ở dây 6</b> (ngăn 4). Vẫn là câu \"Sol# → La\" quen thuộc, nhưng trầm và ấm hơn. Nghe mẫu rồi tự đàn."},{"id":"u2","order":2,"logic":"LAM","type":"note_practice","title":"Đánh theo: Sol# dây 6","interactive":{"showDur":true,"beatsPerBar":4,"chords":[{"bass":55,"pad":[82.41,110,164.81]},{"bass":82.41,"pad":[123.47,164.81]},{"bass":55,"pad":[82.41,110,164.81]},{"bass":82.41,"pad":[123.47,164.81]}],"notes":[{"label":"La","freq":110,"string":5,"fret":0,"staff":-4,"dur":1},{"label":"Si","freq":123.47,"string":5,"fret":2,"staff":-3,"dur":1},{"label":"Đô","freq":130.81,"string":5,"fret":3,"staff":-2,"dur":1},{"label":"Rê","freq":146.83,"string":4,"fret":0,"staff":-1,"dur":1},{"label":"Đô","freq":130.81,"string":5,"fret":3,"staff":-2,"dur":1},{"label":"Si","freq":123.47,"string":5,"fret":2,"staff":-3,"dur":1},{"label":"La","freq":110,"string":5,"fret":0,"staff":-4,"dur":1},{"label":"Sol#","freq":103.83,"string":6,"fret":4,"staff":-5,"acc":"#","dur":1},{"label":"La","freq":110,"string":5,"fret":0,"staff":-4,"dur":1},{"label":"Sol#","freq":103.83,"string":6,"fret":4,"staff":-5,"acc":"#","dur":1},{"label":"La","freq":110,"string":5,"fret":0,"staff":-4,"dur":1},{"label":"Si","freq":123.47,"string":5,"fret":2,"staff":-3,"dur":1},{"label":"La","freq":110,"string":5,"fret":0,"staff":-4,"dur":1},{"label":"Sol#","freq":103.83,"string":6,"fret":4,"staff":-5,"acc":"#","dur":1},{"label":"La","freq":110,"string":5,"fret":0,"staff":-4,"dur":2}]}},{"id":"u3","order":3,"logic":"NGAM","type":"checklist","title":"Tự kiểm tra","interactive":{"items":["Mình bấm đúng Sol# ở dây 6 ngăn 4","Mình nghe Sol# trầm dẫn về La","Mình chơi liền cả đoạn"]}},{"id":"u4","order":4,"logic":"DAN","type":"callout","title":"Lời thầy","interactive":{"variant":"teacher"},"content":"Tốt! Sol# ở dây trầm nghe rất da diết — hợp các đoạn nhạc buồn sâu. 🎸"}]'::jsonb)
ON CONFLICT (id) DO UPDATE SET lesson_id = EXCLUDED.lesson_id, title = EXCLUDED.title, status = EXCLUDED.status, reward_xp = EXCLUDED.reward_xp, slides = EXCLUDED.slides;

-- Bài 4: Đoạn nhạc có Sol# (dây 1)
INSERT INTO edu_course_lessons (id, module_id, title, lesson_type, order_index, is_published, tier)
VALUES ('a8720000-0000-4000-8000-000000000004', 'c8720000-0000-4000-8000-000000000001', 'Bài 4: Đoạn nhạc có Sol# (dây 1)', 'flow', 4, true, 'free')
ON CONFLICT (id) DO UPDATE SET module_id = EXCLUDED.module_id, title = EXCLUDED.title, order_index = EXCLUDED.order_index, lesson_type = 'flow', is_published = true;

INSERT INTO flows (id, lesson_id, title, status, reward_xp, slides)
VALUES ('f8720000-0000-4000-8000-000000000004', 'a8720000-0000-4000-8000-000000000004', 'Bài 4: Đoạn nhạc có Sol# (dây 1)', 'published', 14, '[{"id":"w1","order":1,"logic":"DAN","type":"callout","title":"Sol# ở vùng cao (dây 1)","interactive":{"variant":"teacher"},"content":"Đoạn này ở <b>vùng cao</b>, dùng <b>Sol# ở dây 1</b> (ngăn 4). Giai điệu rải lên tới Sol# cao rồi kéo về La — nghe sáng và tha thiết. Nghe mẫu rồi tự đàn."},{"id":"w2","order":2,"logic":"LAM","type":"note_practice","title":"Đánh theo: Sol# dây 1","interactive":{"showDur":true,"beatsPerBar":4,"chords":[{"bass":110,"pad":[164.81,220,261.63]},{"bass":110,"pad":[164.81,220,261.63]},{"bass":110,"pad":[164.81,220,261.63]},{"bass":82.41,"pad":[164.81,207.65,246.94]}],"notes":[{"label":"La","freq":220,"string":3,"fret":2,"staff":3,"dur":1},{"label":"Đô","freq":261.63,"string":2,"fret":1,"staff":5,"dur":1},{"label":"Mi","freq":329.63,"string":1,"fret":0,"staff":7,"dur":1},{"label":"Sol#","freq":415.3,"string":1,"fret":4,"staff":9,"acc":"#","dur":1},{"label":"Mi","freq":329.63,"string":1,"fret":0,"staff":7,"dur":1},{"label":"Fa","freq":349.23,"string":1,"fret":1,"staff":8,"dur":1},{"label":"Mi","freq":329.63,"string":1,"fret":0,"staff":7,"dur":1},{"label":"Đô","freq":261.63,"string":2,"fret":1,"staff":5,"dur":1},{"label":"La","freq":220,"string":3,"fret":2,"staff":3,"dur":1},{"label":"Đô","freq":261.63,"string":2,"fret":1,"staff":5,"dur":1},{"label":"Mi","freq":329.63,"string":1,"fret":0,"staff":7,"dur":1},{"label":"Sol#","freq":415.3,"string":1,"fret":4,"staff":9,"acc":"#","dur":1},{"label":"Mi","freq":329.63,"string":1,"fret":0,"staff":7,"dur":1},{"label":"Sol#","freq":415.3,"string":1,"fret":4,"staff":9,"acc":"#","dur":1},{"label":"La","freq":220,"string":3,"fret":2,"staff":3,"dur":2}]}},{"id":"w3","order":3,"logic":"NGAM","type":"checklist","title":"Tự kiểm tra","interactive":{"items":["Mình bấm đúng Sol# ở dây 1 ngăn 4","Mình chơi rải lên tới Sol# rồi về La","Mình chơi liền cả đoạn"]}},{"id":"w4","order":4,"logic":"DAN","type":"callout","title":"Lời thầy","interactive":{"variant":"teacher"},"content":"Xuất sắc! Giờ bạn chơi được Sol# ở cả <b>ba vùng</b>: dây 3, dây 6, dây 1 — sẵn sàng cho các bài La thứ. 🎸"}]'::jsonb)
ON CONFLICT (id) DO UPDATE SET lesson_id = EXCLUDED.lesson_id, title = EXCLUDED.title, status = EXCLUDED.status, reward_xp = EXCLUDED.reward_xp, slides = EXCLUDED.slides;

-- Bài 5: Nốt Fa# (Fa thăng)
INSERT INTO edu_course_lessons (id, module_id, title, lesson_type, order_index, is_published, tier)
VALUES ('a8720000-0000-4000-8000-000000000005', 'c8720000-0000-4000-8000-000000000001', 'Bài 5: Nốt Fa# (Fa thăng)', 'flow', 5, true, 'free')
ON CONFLICT (id) DO UPDATE SET module_id = EXCLUDED.module_id, title = EXCLUDED.title, order_index = EXCLUDED.order_index, lesson_type = 'flow', is_published = true;

INSERT INTO flows (id, lesson_id, title, status, reward_xp, slides)
VALUES ('f8720000-0000-4000-8000-000000000005', 'a8720000-0000-4000-8000-000000000005', 'Bài 5: Nốt Fa# (Fa thăng)', 'published', 12, '[{"id":"f1","order":1,"logic":"DAN","type":"callout","title":"Nốt Fa# là gì?","interactive":{"variant":"teacher"},"content":"<b>Fa#</b> = Fa thêm dấu <b>#</b> → bấm <b>cao hơn 1 ngăn</b>. Có ở <b>dây 1</b> và <b>dây 6</b>."},{"id":"f2","order":2,"logic":"NHAN","type":"note_show","title":"Fa# ở dây 1","interactive":{"label":"Fa#","freq":369.99,"string":1,"fret":2,"staff":8,"acc":"#","showStaff":true,"showFretboard":true,"caption":"<b>Fa#</b> ở <b>dây 1</b>: Fa là dây 1 ngăn 1 → thêm # → bấm <b>ngăn 2</b>."}},{"id":"f3","order":3,"logic":"NHAN","type":"note_show","title":"Fa# ở dây 6","interactive":{"label":"Fa#","freq":92.5,"string":6,"fret":2,"staff":-6,"acc":"#","showStaff":true,"showFretboard":true,"caption":"Và ở <b>dây 6</b> (trầm): Fa là dây 6 ngăn 1 → thêm # → bấm <b>ngăn 2</b>."}},{"id":"f4","order":4,"logic":"LAM","type":"note_practice","title":"Đánh theo: Mi – Fa# – Sol","interactive":{"showDur":true,"beatsPerBar":4,"notes":[{"label":"Mi","freq":329.63,"string":1,"fret":0,"staff":7,"dur":1},{"label":"Fa#","freq":369.99,"string":1,"fret":2,"staff":8,"acc":"#","dur":1},{"label":"Sol","freq":392,"string":1,"fret":3,"staff":9,"dur":2},{"label":"Sol","freq":392,"string":1,"fret":3,"staff":9,"dur":1},{"label":"Fa#","freq":369.99,"string":1,"fret":2,"staff":8,"acc":"#","dur":1},{"label":"Mi","freq":329.63,"string":1,"fret":0,"staff":7,"dur":2}]}},{"id":"f5","order":5,"logic":"NGAM","type":"checklist","title":"Tự kiểm tra","interactive":{"items":["Mình bấm được Fa# (dây1 ngăn2, dây6 ngăn2)","Nghe Fa# cao hơn Fa nửa cung"]}},{"id":"f6","order":6,"logic":"DAN","type":"callout","title":"Lời thầy","interactive":{"variant":"teacher"},"content":"Fa# hay dẫn lên Sol. Giỏi lắm! 🎸"}]'::jsonb)
ON CONFLICT (id) DO UPDATE SET lesson_id = EXCLUDED.lesson_id, title = EXCLUDED.title, status = EXCLUDED.status, reward_xp = EXCLUDED.reward_xp, slides = EXCLUDED.slides;

-- Bài 6: Nốt Đô# (Đô thăng)
INSERT INTO edu_course_lessons (id, module_id, title, lesson_type, order_index, is_published, tier)
VALUES ('a8720000-0000-4000-8000-000000000006', 'c8720000-0000-4000-8000-000000000001', 'Bài 6: Nốt Đô# (Đô thăng)', 'flow', 6, true, 'free')
ON CONFLICT (id) DO UPDATE SET module_id = EXCLUDED.module_id, title = EXCLUDED.title, order_index = EXCLUDED.order_index, lesson_type = 'flow', is_published = true;

INSERT INTO flows (id, lesson_id, title, status, reward_xp, slides)
VALUES ('f8720000-0000-4000-8000-000000000006', 'a8720000-0000-4000-8000-000000000006', 'Bài 6: Nốt Đô# (Đô thăng)', 'published', 12, '[{"id":"c1","order":1,"logic":"DAN","type":"callout","title":"Nốt Đô# là gì?","interactive":{"variant":"teacher"},"content":"<b>Đô#</b> = Đô thêm dấu <b>#</b> → bấm <b>cao hơn 1 ngăn</b>. Nằm ở <b>dây 2 ngăn 2</b>."},{"id":"c2","order":2,"logic":"NHAN","type":"note_show","title":"Đô# ở dây 2","interactive":{"label":"Đô#","freq":277.18,"string":2,"fret":2,"staff":5,"acc":"#","showStaff":true,"showFretboard":true,"caption":"<b>Đô#</b>: Đô là dây 2 ngăn 1 → thêm # → bấm <b>ngăn 2</b>. Đô# hay dẫn lên Rê."}},{"id":"c3","order":3,"logic":"LAM","type":"note_practice","title":"Đánh theo: Si – Đô# – Rê","interactive":{"showDur":true,"beatsPerBar":4,"notes":[{"label":"Si","freq":246.94,"string":2,"fret":0,"staff":4,"dur":1},{"label":"Đô#","freq":277.18,"string":2,"fret":2,"staff":5,"acc":"#","dur":1},{"label":"Rê","freq":293.66,"string":2,"fret":3,"staff":6,"dur":2},{"label":"Rê","freq":293.66,"string":2,"fret":3,"staff":6,"dur":1},{"label":"Đô#","freq":277.18,"string":2,"fret":2,"staff":5,"acc":"#","dur":1},{"label":"Si","freq":246.94,"string":2,"fret":0,"staff":4,"dur":2}]}},{"id":"c4","order":4,"logic":"NGAM","type":"checklist","title":"Tự kiểm tra","interactive":{"items":["Mình bấm được Đô# (dây 2 ngăn 2)","Nghe Đô# dẫn lên Rê"]}},{"id":"c5","order":5,"logic":"DAN","type":"callout","title":"Lời thầy","interactive":{"variant":"teacher"},"content":"Tốt! Giờ bạn có thêm Fa# và Đô#. 🎸"}]'::jsonb)
ON CONFLICT (id) DO UPDATE SET lesson_id = EXCLUDED.lesson_id, title = EXCLUDED.title, status = EXCLUDED.status, reward_xp = EXCLUDED.reward_xp, slides = EXCLUDED.slides;

-- Bài 7: Đoạn nhạc có Fa#
INSERT INTO edu_course_lessons (id, module_id, title, lesson_type, order_index, is_published, tier)
VALUES ('a8720000-0000-4000-8000-000000000007', 'c8720000-0000-4000-8000-000000000001', 'Bài 7: Đoạn nhạc có Fa#', 'flow', 7, true, 'free')
ON CONFLICT (id) DO UPDATE SET module_id = EXCLUDED.module_id, title = EXCLUDED.title, order_index = EXCLUDED.order_index, lesson_type = 'flow', is_published = true;

INSERT INTO flows (id, lesson_id, title, status, reward_xp, slides)
VALUES ('f8720000-0000-4000-8000-000000000007', 'a8720000-0000-4000-8000-000000000007', 'Bài 7: Đoạn nhạc có Fa#', 'published', 12, '[{"id":"g1","order":1,"logic":"DAN","type":"callout","title":"Thực hành Fa#","interactive":{"variant":"teacher"},"content":"Một đoạn ngắn có <b>Fa#</b> (dây 1) dẫn lên Sol. Đọc & đàn."},{"id":"g2","order":2,"logic":"LAM","type":"note_practice","title":"Đánh theo: Fa# dẫn Sol","interactive":{"showDur":true,"beatsPerBar":4,"notes":[{"label":"Sol","freq":392,"string":1,"fret":3,"staff":9,"dur":1},{"label":"Mi","freq":329.63,"string":1,"fret":0,"staff":7,"dur":1},{"label":"Fa#","freq":369.99,"string":1,"fret":2,"staff":8,"acc":"#","dur":1},{"label":"Sol","freq":392,"string":1,"fret":3,"staff":9,"dur":1},{"label":"Mi","freq":329.63,"string":1,"fret":0,"staff":7,"dur":1},{"label":"Fa#","freq":369.99,"string":1,"fret":2,"staff":8,"acc":"#","dur":1},{"label":"Sol","freq":392,"string":1,"fret":3,"staff":9,"dur":2}]}},{"id":"g3","order":3,"logic":"NGAM","type":"checklist","title":"Tự kiểm tra","interactive":{"items":["Mình bấm Fa# đúng mỗi lần gặp #","Nghe Fa# → Sol mượt"]}},{"id":"g4","order":4,"logic":"DAN","type":"callout","title":"Lời thầy","interactive":{"variant":"teacher"},"content":"Ngon! 🎸"}]'::jsonb)
ON CONFLICT (id) DO UPDATE SET lesson_id = EXCLUDED.lesson_id, title = EXCLUDED.title, status = EXCLUDED.status, reward_xp = EXCLUDED.reward_xp, slides = EXCLUDED.slides;

-- Bài 8: Đoạn nhạc có Đô#
INSERT INTO edu_course_lessons (id, module_id, title, lesson_type, order_index, is_published, tier)
VALUES ('a8720000-0000-4000-8000-000000000008', 'c8720000-0000-4000-8000-000000000001', 'Bài 8: Đoạn nhạc có Đô#', 'flow', 8, true, 'free')
ON CONFLICT (id) DO UPDATE SET module_id = EXCLUDED.module_id, title = EXCLUDED.title, order_index = EXCLUDED.order_index, lesson_type = 'flow', is_published = true;

INSERT INTO flows (id, lesson_id, title, status, reward_xp, slides)
VALUES ('f8720000-0000-4000-8000-000000000008', 'a8720000-0000-4000-8000-000000000008', 'Bài 8: Đoạn nhạc có Đô#', 'published', 12, '[{"id":"h1","order":1,"logic":"DAN","type":"callout","title":"Thực hành Đô#","interactive":{"variant":"teacher"},"content":"Đoạn ngắn có <b>Đô#</b> (dây 2) dẫn lên Rê."},{"id":"h2","order":2,"logic":"LAM","type":"note_practice","title":"Đánh theo: Đô# dẫn Rê","interactive":{"showDur":true,"beatsPerBar":4,"notes":[{"label":"Rê","freq":293.66,"string":2,"fret":3,"staff":6,"dur":1},{"label":"Si","freq":246.94,"string":2,"fret":0,"staff":4,"dur":1},{"label":"Đô#","freq":277.18,"string":2,"fret":2,"staff":5,"acc":"#","dur":1},{"label":"Rê","freq":293.66,"string":2,"fret":3,"staff":6,"dur":1},{"label":"Mi","freq":329.63,"string":1,"fret":0,"staff":7,"dur":1},{"label":"Đô#","freq":277.18,"string":2,"fret":2,"staff":5,"acc":"#","dur":1},{"label":"Rê","freq":293.66,"string":2,"fret":3,"staff":6,"dur":2}]}},{"id":"h3","order":3,"logic":"NGAM","type":"checklist","title":"Tự kiểm tra","interactive":{"items":["Mình bấm Đô# đúng (dây 2 ngăn 2)","Nghe Đô# → Rê mượt"]}},{"id":"h4","order":4,"logic":"DAN","type":"callout","title":"Lời thầy","interactive":{"variant":"teacher"},"content":"Tuyệt! 🎸"}]'::jsonb)
ON CONFLICT (id) DO UPDATE SET lesson_id = EXCLUDED.lesson_id, title = EXCLUDED.title, status = EXCLUDED.status, reward_xp = EXCLUDED.reward_xp, slides = EXCLUDED.slides;

-- Bài 9: Đoạn nhạc có cả Fa# & Đô#
INSERT INTO edu_course_lessons (id, module_id, title, lesson_type, order_index, is_published, tier)
VALUES ('a8720000-0000-4000-8000-000000000009', 'c8720000-0000-4000-8000-000000000001', 'Bài 9: Đoạn nhạc có cả Fa# & Đô#', 'flow', 9, true, 'free')
ON CONFLICT (id) DO UPDATE SET module_id = EXCLUDED.module_id, title = EXCLUDED.title, order_index = EXCLUDED.order_index, lesson_type = 'flow', is_published = true;

INSERT INTO flows (id, lesson_id, title, status, reward_xp, slides)
VALUES ('f8720000-0000-4000-8000-000000000009', 'a8720000-0000-4000-8000-000000000009', 'Bài 9: Đoạn nhạc có cả Fa# & Đô#', 'published', 14, '[{"id":"r1","order":1,"logic":"DAN","type":"callout","title":"Rê trưởng — có Fa# và Đô#","interactive":{"variant":"teacher"},"content":"Đoạn <b>Rê trưởng</b> dùng cả <b>Đô#</b> và <b>Fa#</b> — nghe tươi sáng. Đọc & đàn."},{"id":"r2","order":2,"logic":"LAM","type":"note_practice","title":"Đánh theo: Rê trưởng","interactive":{"showDur":true,"beatsPerBar":4,"notes":[{"label":"Si","freq":246.94,"string":2,"fret":0,"staff":4,"dur":1},{"label":"Đô#","freq":277.18,"string":2,"fret":2,"staff":5,"acc":"#","dur":1},{"label":"Rê","freq":293.66,"string":2,"fret":3,"staff":6,"dur":1},{"label":"Mi","freq":329.63,"string":1,"fret":0,"staff":7,"dur":1},{"label":"Fa#","freq":369.99,"string":1,"fret":2,"staff":8,"acc":"#","dur":1},{"label":"Mi","freq":329.63,"string":1,"fret":0,"staff":7,"dur":1},{"label":"Rê","freq":293.66,"string":2,"fret":3,"staff":6,"dur":2}]}},{"id":"r3","order":3,"logic":"NGAM","type":"checklist","title":"Tự kiểm tra","interactive":{"items":["Mình bấm đúng cả Đô# và Fa#","Nghe ra màu Rê trưởng tươi sáng"]}},{"id":"r4","order":4,"logic":"DAN","type":"callout","title":"Lời thầy","interactive":{"variant":"teacher"},"content":"Xuất sắc! Giờ bạn đọc được Sol#, Fa#, Đô#. 🎸"}]'::jsonb)
ON CONFLICT (id) DO UPDATE SET lesson_id = EXCLUDED.lesson_id, title = EXCLUDED.title, status = EXCLUDED.status, reward_xp = EXCLUDED.reward_xp, slides = EXCLUDED.slides;

-- ===== Chương 9: Bài hát yêu thích =====
INSERT INTO edu_modules (id, course_id, name, order_index)
VALUES ('c9720000-0000-4000-8000-000000000001', '4e80d7ec-3b99-426a-a090-990d37eb24c0', 'Chương 9: Bài hát yêu thích', 8)
ON CONFLICT (id) DO UPDATE SET name = EXCLUDED.name, order_index = EXCLUDED.order_index;

-- Bài 7: Vận dụng — Con đường xưa em đi (Am)
INSERT INTO edu_course_lessons (id, module_id, title, lesson_type, order_index, is_published, tier)
VALUES ('a7720000-0000-4000-8000-000000000007', 'c9720000-0000-4000-8000-000000000001', 'Bài 7: Vận dụng — Con đường xưa em đi (Am)', 'flow', 1, true, 'free')
ON CONFLICT (id) DO UPDATE SET module_id = EXCLUDED.module_id, title = EXCLUDED.title, order_index = EXCLUDED.order_index, lesson_type = 'flow', is_published = true;

INSERT INTO flows (id, lesson_id, title, status, reward_xp, slides)
VALUES ('f7720000-0000-4000-8000-000000000007', 'a7720000-0000-4000-8000-000000000007', 'Bài 7: Vận dụng — Con đường xưa em đi (Am)', 'published', 20, '[{"id":"cd1","order":1,"logic":"DAN","type":"callout","title":"Bài Việt sâu lắng — tông La thứ","interactive":{"variant":"teacher"},"content":"<b>Con đường xưa em đi</b> — một giai điệu Việt trữ tình, ở tông <b>La thứ (Am)</b>, nằm gọn thế tay 1 (dây 2–5). Cứ nhìn nốt mà đàn; Nghe mẫu (có nhạc nền) cho quen rồi Tự đàn thong thả."},{"id":"cd2","order":2,"logic":"LAM","type":"note_practice","title":"Con đường xưa em đi (Am)","interactive":{"showDur":true,"beatsPerBar":4,"chords":[{"bass":55,"pad":[82.41,110,164.81]},{"bass":55,"pad":[82.41,110,164.81]},{"bass":73.42,"pad":[110,146.83,174.61]},{"bass":55,"pad":[82.41,110,164.81]},{"bass":55,"pad":[82.41,110,164.81]},{"bass":82.41,"pad":[123.47,164.81,196]},{"bass":55,"pad":[82.41,110,164.81]},{"bass":82.41,"pad":[123.47,164.81,196]},{"bass":55,"pad":[82.41,110,164.81]},{"bass":55,"pad":[82.41,110,164.81]},{"bass":73.42,"pad":[110,146.83,174.61]},{"bass":55,"pad":[82.41,110,164.81]},{"bass":55,"pad":[82.41,110,164.81]},{"bass":82.41,"pad":[123.47,164.81,196]},{"bass":82.41,"pad":[123.47,164.81,207.65]},{"bass":55,"pad":[82.41,110,164.81]}],"notes":[{"label":"","freq":0,"rest":true,"dur":1},{"label":"Mi","freq":164.81,"string":4,"fret":2,"staff":0,"dur":0.5},{"label":"Rê","freq":146.83,"string":4,"fret":0,"staff":-1,"dur":0.5},{"label":"Đô","freq":130.81,"string":5,"fret":3,"staff":-2,"dur":0.5},{"label":"La","freq":220,"string":3,"fret":2,"staff":3,"dur":1},{"label":"La","freq":220,"string":3,"fret":2,"staff":3,"dur":0.5},{"label":"La","freq":220,"string":3,"fret":2,"staff":3,"dur":1},{"label":"Mi","freq":164.81,"string":4,"fret":2,"staff":0,"dur":0.5},{"label":"La","freq":220,"string":3,"fret":2,"staff":3,"dur":0.5},{"label":"Đô","freq":261.63,"string":2,"fret":1,"staff":5,"dur":1},{"label":"Mi","freq":164.81,"string":4,"fret":2,"staff":0,"dur":1},{"label":"Rê","freq":146.83,"string":4,"fret":0,"staff":-1,"dur":1},{"label":"Mi","freq":164.81,"string":4,"fret":2,"staff":0,"dur":0.5},{"label":"Đô","freq":130.81,"string":5,"fret":3,"staff":-2,"dur":0.5},{"label":"Rê","freq":146.83,"string":4,"fret":0,"staff":-1,"dur":0.5},{"label":"Mi","freq":164.81,"string":4,"fret":2,"staff":0,"dur":0.5},{"label":"Sol","freq":196,"string":3,"fret":0,"staff":2,"dur":1},{"label":"Mi","freq":164.81,"string":4,"fret":2,"staff":0,"dur":4},{"label":"","freq":0,"rest":true,"dur":1},{"label":"Rê","freq":146.83,"string":4,"fret":0,"staff":-1,"dur":0.5},{"label":"Mi","freq":164.81,"string":4,"fret":2,"staff":0,"dur":0.5},{"label":"La","freq":110,"string":5,"fret":0,"staff":-4,"dur":0.5},{"label":"Rê","freq":146.83,"string":4,"fret":0,"staff":-1,"dur":1},{"label":"Rê","freq":146.83,"string":4,"fret":0,"staff":-1,"dur":0.5},{"label":"Rê","freq":146.83,"string":4,"fret":0,"staff":-1,"dur":1},{"label":"Mi","freq":164.81,"string":4,"fret":2,"staff":0,"dur":0.5},{"label":"Rê","freq":146.83,"string":4,"fret":0,"staff":-1,"dur":0.5},{"label":"Si","freq":123.47,"string":5,"fret":2,"staff":-3,"dur":1},{"label":"Mi","freq":164.81,"string":4,"fret":2,"staff":0,"dur":0.5},{"label":"Fa","freq":174.61,"string":4,"fret":3,"staff":1,"dur":0.5},{"label":"Mi","freq":164.81,"string":4,"fret":2,"staff":0,"dur":1},{"label":"Mi","freq":164.81,"string":4,"fret":2,"staff":0,"dur":0.5},{"label":"Mi","freq":164.81,"string":4,"fret":2,"staff":0,"dur":0.5},{"label":"La","freq":220,"string":3,"fret":2,"staff":3,"dur":1},{"label":"La","freq":220,"string":3,"fret":2,"staff":3,"dur":0.5},{"label":"Đô","freq":261.63,"string":2,"fret":1,"staff":5,"dur":0.5},{"label":"Si","freq":246.94,"string":2,"fret":0,"staff":4,"dur":4},{"label":"","freq":0,"rest":true,"dur":1},{"label":"Đô","freq":261.63,"string":2,"fret":1,"staff":5,"dur":1},{"label":"Mi","freq":164.81,"string":4,"fret":2,"staff":0,"dur":0.5},{"label":"La","freq":220,"string":3,"fret":2,"staff":3,"dur":1},{"label":"La","freq":220,"string":3,"fret":2,"staff":3,"dur":0.5},{"label":"La","freq":220,"string":3,"fret":2,"staff":3,"dur":1},{"label":"Mi","freq":164.81,"string":4,"fret":2,"staff":0,"dur":0.5},{"label":"La","freq":220,"string":3,"fret":2,"staff":3,"dur":0.5},{"label":"Đô","freq":261.63,"string":2,"fret":1,"staff":5,"dur":1},{"label":"Mi","freq":164.81,"string":4,"fret":2,"staff":0,"dur":1},{"label":"Rê","freq":146.83,"string":4,"fret":0,"staff":-1,"dur":1},{"label":"Mi","freq":164.81,"string":4,"fret":2,"staff":0,"dur":0.5},{"label":"Đô","freq":130.81,"string":5,"fret":3,"staff":-2,"dur":0.5},{"label":"Rê","freq":146.83,"string":4,"fret":0,"staff":-1,"dur":0.5},{"label":"Mi","freq":164.81,"string":4,"fret":2,"staff":0,"dur":0.5},{"label":"Sol","freq":196,"string":3,"fret":0,"staff":2,"dur":1},{"label":"Mi","freq":164.81,"string":4,"fret":2,"staff":0,"dur":4},{"label":"","freq":0,"rest":true,"dur":1},{"label":"Rê","freq":146.83,"string":4,"fret":0,"staff":-1,"dur":0.5},{"label":"Mi","freq":164.81,"string":4,"fret":2,"staff":0,"dur":0.5},{"label":"La","freq":110,"string":5,"fret":0,"staff":-4,"dur":0.5},{"label":"Rê","freq":146.83,"string":4,"fret":0,"staff":-1,"dur":1},{"label":"Rê","freq":146.83,"string":4,"fret":0,"staff":-1,"dur":0.5},{"label":"Rê","freq":146.83,"string":4,"fret":0,"staff":-1,"dur":1},{"label":"Mi","freq":164.81,"string":4,"fret":2,"staff":0,"dur":0.5},{"label":"Rê","freq":146.83,"string":4,"fret":0,"staff":-1,"dur":0.5},{"label":"Si","freq":123.47,"string":5,"fret":2,"staff":-3,"dur":1},{"label":"Mi","freq":164.81,"string":4,"fret":2,"staff":0,"dur":0.5},{"label":"Fa","freq":174.61,"string":4,"fret":3,"staff":1,"dur":0.5},{"label":"Mi","freq":164.81,"string":4,"fret":2,"staff":0,"dur":1},{"label":"Mi","freq":164.81,"string":4,"fret":2,"staff":0,"dur":0.5},{"label":"Mi","freq":164.81,"string":4,"fret":2,"staff":0,"dur":0.5},{"label":"Sol#","freq":207.65,"string":3,"fret":1,"staff":2,"dur":1,"acc":"#"},{"label":"La","freq":220,"string":3,"fret":2,"staff":3,"dur":0.5},{"label":"Si","freq":246.94,"string":2,"fret":0,"staff":4,"dur":0.5},{"label":"La","freq":220,"string":3,"fret":2,"staff":3,"dur":4}]}},{"id":"cd3","order":3,"logic":"NGAM","type":"checklist","title":"Tự kiểm tra","interactive":{"items":["Mình đàn được 2 khổ đầu, nhìn nốt mà chơi","Nghe ra giai điệu Con đường xưa em đi","Cảm được màu La thứ (buồn, sâu)"]}},{"id":"cd4","order":4,"logic":"DAN","type":"callout","title":"Lời thầy","interactive":{"variant":"teacher"},"content":"Chơi được một bài nhạc Việt trữ tình ở tông thứ — đáng tự hào! Đây là bản giản lược để tập; nhớ cao độ sẽ đến dần. 🎸"}]'::jsonb)
ON CONFLICT (id) DO UPDATE SET lesson_id = EXCLUDED.lesson_id, title = EXCLUDED.title, status = EXCLUDED.status, reward_xp = EXCLUDED.reward_xp, slides = EXCLUDED.slides;

-- ===== Chương 10: Thị tấu (đọc & đàn ngay) =====
INSERT INTO edu_modules (id, course_id, name, order_index)
VALUES ('ca720000-0000-4000-8000-000000000001', '4e80d7ec-3b99-426a-a090-990d37eb24c0', 'Chương 10: Thị tấu (đọc & đàn ngay)', 9)
ON CONFLICT (id) DO UPDATE SET name = EXCLUDED.name, order_index = EXCLUDED.order_index;

-- Thị tấu 1 — Đô trưởng
INSERT INTO edu_course_lessons (id, module_id, title, lesson_type, order_index, is_published, tier)
VALUES ('aa720000-0000-4000-8000-000000000001', 'ca720000-0000-4000-8000-000000000001', 'Thị tấu 1 — Đô trưởng', 'flow', 1, true, 'free')
ON CONFLICT (id) DO UPDATE SET module_id = EXCLUDED.module_id, title = EXCLUDED.title, order_index = EXCLUDED.order_index, lesson_type = 'flow', is_published = true;

INSERT INTO flows (id, lesson_id, title, status, reward_xp, slides)
VALUES ('fa720000-0000-4000-8000-000000000001', 'aa720000-0000-4000-8000-000000000001', 'Thị tấu 1 — Đô trưởng', 'published', 12, '[{"id":"thitau11","order":1,"logic":"DAN","type":"callout","title":"Thị tấu — đọc & đàn ngay","interactive":{"variant":"teacher"},"content":"Nhìn bản nhạc <b>lạ</b> này rồi thử <b>Tự đàn ngay</b> (chưa nghe mẫu) — đó chính là <b>thị tấu</b>! Sai cũng không sao, đọc tới đâu đàn tới đó. Xong hãy Nghe mẫu để đối chiếu."},{"id":"thitau12","order":2,"logic":"LAM","type":"note_practice","title":"Thị tấu 1 — Đô trưởng","interactive":{"showDur":true,"beatsPerBar":4,"notes":[{"label":"Đô","freq":261.63,"string":2,"fret":1,"staff":5,"dur":1},{"label":"Mi","freq":329.63,"string":1,"fret":0,"staff":7,"dur":1},{"label":"Sol","freq":392,"string":1,"fret":3,"staff":9,"dur":1},{"label":"Mi","freq":329.63,"string":1,"fret":0,"staff":7,"dur":1},{"label":"Rê","freq":293.66,"string":2,"fret":3,"staff":6,"dur":1},{"label":"Fa","freq":349.23,"string":1,"fret":1,"staff":8,"dur":1},{"label":"Mi","freq":329.63,"string":1,"fret":0,"staff":7,"dur":2}]}},{"id":"thitau13","order":3,"logic":"NGAM","type":"checklist","title":"Tự kiểm tra","interactive":{"items":["Mình thử Tự đàn TRƯỚC khi Nghe mẫu (đọc thẳng)","Mình đọc đúng cao độ + trường độ","Mình giữ nhịp đều theo metronome"]}}]'::jsonb)
ON CONFLICT (id) DO UPDATE SET lesson_id = EXCLUDED.lesson_id, title = EXCLUDED.title, status = EXCLUDED.status, reward_xp = EXCLUDED.reward_xp, slides = EXCLUDED.slides;

-- Thị tấu 2 — Đô trưởng (có móc đơn)
INSERT INTO edu_course_lessons (id, module_id, title, lesson_type, order_index, is_published, tier)
VALUES ('aa720000-0000-4000-8000-000000000002', 'ca720000-0000-4000-8000-000000000001', 'Thị tấu 2 — Đô trưởng (có móc đơn)', 'flow', 2, true, 'free')
ON CONFLICT (id) DO UPDATE SET module_id = EXCLUDED.module_id, title = EXCLUDED.title, order_index = EXCLUDED.order_index, lesson_type = 'flow', is_published = true;

INSERT INTO flows (id, lesson_id, title, status, reward_xp, slides)
VALUES ('fa720000-0000-4000-8000-000000000002', 'aa720000-0000-4000-8000-000000000002', 'Thị tấu 2 — Đô trưởng (có móc đơn)', 'published', 12, '[{"id":"thitau21","order":1,"logic":"DAN","type":"callout","title":"Thị tấu — đọc & đàn ngay","interactive":{"variant":"teacher"},"content":"Nhìn bản nhạc <b>lạ</b> này rồi thử <b>Tự đàn ngay</b> (chưa nghe mẫu) — đó chính là <b>thị tấu</b>! Sai cũng không sao, đọc tới đâu đàn tới đó. Xong hãy Nghe mẫu để đối chiếu."},{"id":"thitau22","order":2,"logic":"LAM","type":"note_practice","title":"Thị tấu 2 — Đô trưởng (có móc đơn)","interactive":{"showDur":true,"beatsPerBar":4,"notes":[{"label":"Sol","freq":392,"string":1,"fret":3,"staff":9,"dur":1},{"label":"Fa","freq":349.23,"string":1,"fret":1,"staff":8,"dur":0.5},{"label":"Mi","freq":329.63,"string":1,"fret":0,"staff":7,"dur":0.5},{"label":"Rê","freq":293.66,"string":2,"fret":3,"staff":6,"dur":1},{"label":"Đô","freq":261.63,"string":2,"fret":1,"staff":5,"dur":1},{"label":"Mi","freq":329.63,"string":1,"fret":0,"staff":7,"dur":1},{"label":"Sol","freq":392,"string":1,"fret":3,"staff":9,"dur":1},{"label":"Đô","freq":261.63,"string":2,"fret":1,"staff":5,"dur":2}]}},{"id":"thitau23","order":3,"logic":"NGAM","type":"checklist","title":"Tự kiểm tra","interactive":{"items":["Mình thử Tự đàn TRƯỚC khi Nghe mẫu (đọc thẳng)","Mình đọc đúng cao độ + trường độ","Mình giữ nhịp đều theo metronome"]}}]'::jsonb)
ON CONFLICT (id) DO UPDATE SET lesson_id = EXCLUDED.lesson_id, title = EXCLUDED.title, status = EXCLUDED.status, reward_xp = EXCLUDED.reward_xp, slides = EXCLUDED.slides;

-- Thị tấu 3 — La thứ
INSERT INTO edu_course_lessons (id, module_id, title, lesson_type, order_index, is_published, tier)
VALUES ('aa720000-0000-4000-8000-000000000003', 'ca720000-0000-4000-8000-000000000001', 'Thị tấu 3 — La thứ', 'flow', 3, true, 'free')
ON CONFLICT (id) DO UPDATE SET module_id = EXCLUDED.module_id, title = EXCLUDED.title, order_index = EXCLUDED.order_index, lesson_type = 'flow', is_published = true;

INSERT INTO flows (id, lesson_id, title, status, reward_xp, slides)
VALUES ('fa720000-0000-4000-8000-000000000003', 'aa720000-0000-4000-8000-000000000003', 'Thị tấu 3 — La thứ', 'published', 12, '[{"id":"thitau31","order":1,"logic":"DAN","type":"callout","title":"Thị tấu — đọc & đàn ngay","interactive":{"variant":"teacher"},"content":"Nhìn bản nhạc <b>lạ</b> này rồi thử <b>Tự đàn ngay</b> (chưa nghe mẫu) — đó chính là <b>thị tấu</b>! Sai cũng không sao, đọc tới đâu đàn tới đó. Xong hãy Nghe mẫu để đối chiếu."},{"id":"thitau32","order":2,"logic":"LAM","type":"note_practice","title":"Thị tấu 3 — La thứ","interactive":{"showDur":true,"beatsPerBar":4,"notes":[{"label":"La","freq":220,"string":3,"fret":2,"staff":3,"dur":1},{"label":"Si","freq":246.94,"string":2,"fret":0,"staff":4,"dur":1},{"label":"Đô","freq":261.63,"string":2,"fret":1,"staff":5,"dur":1},{"label":"Si","freq":246.94,"string":2,"fret":0,"staff":4,"dur":1},{"label":"La","freq":220,"string":3,"fret":2,"staff":3,"dur":1},{"label":"Sol","freq":196,"string":3,"fret":0,"staff":2,"dur":1},{"label":"La","freq":220,"string":3,"fret":2,"staff":3,"dur":2}]}},{"id":"thitau33","order":3,"logic":"NGAM","type":"checklist","title":"Tự kiểm tra","interactive":{"items":["Mình thử Tự đàn TRƯỚC khi Nghe mẫu (đọc thẳng)","Mình đọc đúng cao độ + trường độ","Mình giữ nhịp đều theo metronome"]}}]'::jsonb)
ON CONFLICT (id) DO UPDATE SET lesson_id = EXCLUDED.lesson_id, title = EXCLUDED.title, status = EXCLUDED.status, reward_xp = EXCLUDED.reward_xp, slides = EXCLUDED.slides;

-- Thị tấu 4 — La thứ (có Sol#)
INSERT INTO edu_course_lessons (id, module_id, title, lesson_type, order_index, is_published, tier)
VALUES ('aa720000-0000-4000-8000-000000000004', 'ca720000-0000-4000-8000-000000000001', 'Thị tấu 4 — La thứ (có Sol#)', 'flow', 4, true, 'free')
ON CONFLICT (id) DO UPDATE SET module_id = EXCLUDED.module_id, title = EXCLUDED.title, order_index = EXCLUDED.order_index, lesson_type = 'flow', is_published = true;

INSERT INTO flows (id, lesson_id, title, status, reward_xp, slides)
VALUES ('fa720000-0000-4000-8000-000000000004', 'aa720000-0000-4000-8000-000000000004', 'Thị tấu 4 — La thứ (có Sol#)', 'published', 12, '[{"id":"thitau41","order":1,"logic":"DAN","type":"callout","title":"Thị tấu — đọc & đàn ngay","interactive":{"variant":"teacher"},"content":"Nhìn bản nhạc <b>lạ</b> này rồi thử <b>Tự đàn ngay</b> (chưa nghe mẫu) — đó chính là <b>thị tấu</b>! Sai cũng không sao, đọc tới đâu đàn tới đó. Xong hãy Nghe mẫu để đối chiếu."},{"id":"thitau42","order":2,"logic":"LAM","type":"note_practice","title":"Thị tấu 4 — La thứ (có Sol#)","interactive":{"showDur":true,"beatsPerBar":4,"notes":[{"label":"Mi","freq":164.81,"string":4,"fret":2,"staff":0,"dur":1},{"label":"Fa","freq":174.61,"string":4,"fret":3,"staff":1,"dur":1},{"label":"Sol#","freq":207.65,"string":3,"fret":1,"staff":2,"acc":"#","dur":1},{"label":"La","freq":220,"string":3,"fret":2,"staff":3,"dur":1},{"label":"La","freq":220,"string":3,"fret":2,"staff":3,"dur":1},{"label":"Sol#","freq":207.65,"string":3,"fret":1,"staff":2,"acc":"#","dur":1},{"label":"La","freq":220,"string":3,"fret":2,"staff":3,"dur":2}]}},{"id":"thitau43","order":3,"logic":"NGAM","type":"checklist","title":"Tự kiểm tra","interactive":{"items":["Mình thử Tự đàn TRƯỚC khi Nghe mẫu (đọc thẳng)","Mình đọc đúng cao độ + trường độ","Mình giữ nhịp đều theo metronome"]}}]'::jsonb)
ON CONFLICT (id) DO UPDATE SET lesson_id = EXCLUDED.lesson_id, title = EXCLUDED.title, status = EXCLUDED.status, reward_xp = EXCLUDED.reward_xp, slides = EXCLUDED.slides;

-- Thị tấu 5 — vùng trầm (dây 5-6)
INSERT INTO edu_course_lessons (id, module_id, title, lesson_type, order_index, is_published, tier)
VALUES ('aa720000-0000-4000-8000-000000000005', 'ca720000-0000-4000-8000-000000000001', 'Thị tấu 5 — vùng trầm (dây 5-6)', 'flow', 5, true, 'free')
ON CONFLICT (id) DO UPDATE SET module_id = EXCLUDED.module_id, title = EXCLUDED.title, order_index = EXCLUDED.order_index, lesson_type = 'flow', is_published = true;

INSERT INTO flows (id, lesson_id, title, status, reward_xp, slides)
VALUES ('fa720000-0000-4000-8000-000000000005', 'aa720000-0000-4000-8000-000000000005', 'Thị tấu 5 — vùng trầm (dây 5-6)', 'published', 12, '[{"id":"thitau51","order":1,"logic":"DAN","type":"callout","title":"Thị tấu — đọc & đàn ngay","interactive":{"variant":"teacher"},"content":"Nhìn bản nhạc <b>lạ</b> rồi thử <b>Tự đàn ngay</b> (chưa nghe mẫu) — đó là <b>thị tấu</b>! Đọc tới đâu đàn tới đó, xong Nghe mẫu đối chiếu. Toàn nốt <b>dây 5 và 6</b> (Mi Fa Sol La Si Đô)."},{"id":"thitau52","order":2,"logic":"LAM","type":"note_practice","title":"Thị tấu 5 — vùng trầm (dây 5-6)","interactive":{"showDur":true,"beatsPerBar":4,"notes":[{"label":"Mi","freq":82.41,"string":6,"fret":0,"staff":-7,"dur":1},{"label":"Fa","freq":87.31,"string":6,"fret":1,"staff":-6,"dur":1},{"label":"Sol","freq":98,"string":6,"fret":3,"staff":-5,"dur":1},{"label":"La","freq":110,"string":5,"fret":0,"staff":-4,"dur":1},{"label":"Si","freq":123.47,"string":5,"fret":2,"staff":-3,"dur":1},{"label":"Đô","freq":130.81,"string":5,"fret":3,"staff":-2,"dur":1},{"label":"La","freq":110,"string":5,"fret":0,"staff":-4,"dur":2}]}},{"id":"thitau53","order":3,"logic":"NGAM","type":"checklist","title":"Tự kiểm tra","interactive":{"items":["Mình đọc đúng cao độ + trường độ","Mình bấm đúng vị trí trên cần đàn","Giữ nhịp đều theo metronome"]}}]'::jsonb)
ON CONFLICT (id) DO UPDATE SET lesson_id = EXCLUDED.lesson_id, title = EXCLUDED.title, status = EXCLUDED.status, reward_xp = EXCLUDED.reward_xp, slides = EXCLUDED.slides;

-- Thị tấu 6 — vùng giữa (dây 3-4)
INSERT INTO edu_course_lessons (id, module_id, title, lesson_type, order_index, is_published, tier)
VALUES ('aa720000-0000-4000-8000-000000000006', 'ca720000-0000-4000-8000-000000000001', 'Thị tấu 6 — vùng giữa (dây 3-4)', 'flow', 6, true, 'free')
ON CONFLICT (id) DO UPDATE SET module_id = EXCLUDED.module_id, title = EXCLUDED.title, order_index = EXCLUDED.order_index, lesson_type = 'flow', is_published = true;

INSERT INTO flows (id, lesson_id, title, status, reward_xp, slides)
VALUES ('fa720000-0000-4000-8000-000000000006', 'aa720000-0000-4000-8000-000000000006', 'Thị tấu 6 — vùng giữa (dây 3-4)', 'published', 12, '[{"id":"thitau61","order":1,"logic":"DAN","type":"callout","title":"Thị tấu — đọc & đàn ngay","interactive":{"variant":"teacher"},"content":"Nhìn bản nhạc <b>lạ</b> rồi thử <b>Tự đàn ngay</b> (chưa nghe mẫu) — đó là <b>thị tấu</b>! Đọc tới đâu đàn tới đó, xong Nghe mẫu đối chiếu. Nốt <b>dây 4 và 3</b> (Rê Mi Fa Sol La)."},{"id":"thitau62","order":2,"logic":"LAM","type":"note_practice","title":"Thị tấu 6 — vùng giữa (dây 3-4)","interactive":{"showDur":true,"beatsPerBar":4,"notes":[{"label":"Rê","freq":146.83,"string":4,"fret":0,"staff":-1,"dur":1},{"label":"Mi","freq":164.81,"string":4,"fret":2,"staff":0,"dur":1},{"label":"Fa","freq":174.61,"string":4,"fret":3,"staff":1,"dur":1},{"label":"Sol","freq":196,"string":3,"fret":0,"staff":2,"dur":1},{"label":"La","freq":220,"string":3,"fret":2,"staff":3,"dur":1},{"label":"Sol","freq":196,"string":3,"fret":0,"staff":2,"dur":1},{"label":"Rê","freq":146.83,"string":4,"fret":0,"staff":-1,"dur":2}]}},{"id":"thitau63","order":3,"logic":"NGAM","type":"checklist","title":"Tự kiểm tra","interactive":{"items":["Mình đọc đúng cao độ + trường độ","Mình bấm đúng vị trí trên cần đàn","Giữ nhịp đều theo metronome"]}}]'::jsonb)
ON CONFLICT (id) DO UPDATE SET lesson_id = EXCLUDED.lesson_id, title = EXCLUDED.title, status = EXCLUDED.status, reward_xp = EXCLUDED.reward_xp, slides = EXCLUDED.slides;

-- Thị tấu 7 — vùng cao (dây 1-2)
INSERT INTO edu_course_lessons (id, module_id, title, lesson_type, order_index, is_published, tier)
VALUES ('aa720000-0000-4000-8000-000000000007', 'ca720000-0000-4000-8000-000000000001', 'Thị tấu 7 — vùng cao (dây 1-2)', 'flow', 7, true, 'free')
ON CONFLICT (id) DO UPDATE SET module_id = EXCLUDED.module_id, title = EXCLUDED.title, order_index = EXCLUDED.order_index, lesson_type = 'flow', is_published = true;

INSERT INTO flows (id, lesson_id, title, status, reward_xp, slides)
VALUES ('fa720000-0000-4000-8000-000000000007', 'aa720000-0000-4000-8000-000000000007', 'Thị tấu 7 — vùng cao (dây 1-2)', 'published', 12, '[{"id":"thitau71","order":1,"logic":"DAN","type":"callout","title":"Thị tấu — đọc & đàn ngay","interactive":{"variant":"teacher"},"content":"Nhìn bản nhạc <b>lạ</b> rồi thử <b>Tự đàn ngay</b> (chưa nghe mẫu) — đó là <b>thị tấu</b>! Đọc tới đâu đàn tới đó, xong Nghe mẫu đối chiếu. Nốt <b>dây 2 và 1</b> (Si Đô Rê Mi Fa Sol)."},{"id":"thitau72","order":2,"logic":"LAM","type":"note_practice","title":"Thị tấu 7 — vùng cao (dây 1-2)","interactive":{"showDur":true,"beatsPerBar":4,"notes":[{"label":"Si","freq":246.94,"string":2,"fret":0,"staff":4,"dur":1},{"label":"Đô","freq":261.63,"string":2,"fret":1,"staff":5,"dur":1},{"label":"Rê","freq":293.66,"string":2,"fret":3,"staff":6,"dur":1},{"label":"Mi","freq":329.63,"string":1,"fret":0,"staff":7,"dur":1},{"label":"Fa","freq":349.23,"string":1,"fret":1,"staff":8,"dur":1},{"label":"Sol","freq":392,"string":1,"fret":3,"staff":9,"dur":1},{"label":"Mi","freq":329.63,"string":1,"fret":0,"staff":7,"dur":2}]}},{"id":"thitau73","order":3,"logic":"NGAM","type":"checklist","title":"Tự kiểm tra","interactive":{"items":["Mình đọc đúng cao độ + trường độ","Mình bấm đúng vị trí trên cần đàn","Giữ nhịp đều theo metronome"]}}]'::jsonb)
ON CONFLICT (id) DO UPDATE SET lesson_id = EXCLUDED.lesson_id, title = EXCLUDED.title, status = EXCLUDED.status, reward_xp = EXCLUDED.reward_xp, slides = EXCLUDED.slides;

-- Thị tấu 8 — có Fa# & Đô#
INSERT INTO edu_course_lessons (id, module_id, title, lesson_type, order_index, is_published, tier)
VALUES ('aa720000-0000-4000-8000-000000000008', 'ca720000-0000-4000-8000-000000000001', 'Thị tấu 8 — có Fa# & Đô#', 'flow', 8, true, 'free')
ON CONFLICT (id) DO UPDATE SET module_id = EXCLUDED.module_id, title = EXCLUDED.title, order_index = EXCLUDED.order_index, lesson_type = 'flow', is_published = true;

INSERT INTO flows (id, lesson_id, title, status, reward_xp, slides)
VALUES ('fa720000-0000-4000-8000-000000000008', 'aa720000-0000-4000-8000-000000000008', 'Thị tấu 8 — có Fa# & Đô#', 'published', 12, '[{"id":"thitau81","order":1,"logic":"DAN","type":"callout","title":"Thị tấu — đọc & đàn ngay","interactive":{"variant":"teacher"},"content":"Nhìn bản nhạc <b>lạ</b> rồi thử <b>Tự đàn ngay</b> (chưa nghe mẫu) — đó là <b>thị tấu</b>! Đọc tới đâu đàn tới đó, xong Nghe mẫu đối chiếu. Đoạn có <b>Đô#</b> và <b>Fa#</b> (nhớ bấm cao hơn 1 ngăn)."},{"id":"thitau82","order":2,"logic":"LAM","type":"note_practice","title":"Thị tấu 8 — có Fa# & Đô#","interactive":{"showDur":true,"beatsPerBar":4,"notes":[{"label":"Si","freq":246.94,"string":2,"fret":0,"staff":4,"dur":1},{"label":"Đô#","freq":277.18,"string":2,"fret":2,"staff":5,"acc":"#","dur":1},{"label":"Rê","freq":293.66,"string":2,"fret":3,"staff":6,"dur":1},{"label":"Mi","freq":329.63,"string":1,"fret":0,"staff":7,"dur":1},{"label":"Fa#","freq":369.99,"string":1,"fret":2,"staff":8,"acc":"#","dur":1},{"label":"Mi","freq":329.63,"string":1,"fret":0,"staff":7,"dur":1},{"label":"Rê","freq":293.66,"string":2,"fret":3,"staff":6,"dur":2}]}},{"id":"thitau83","order":3,"logic":"NGAM","type":"checklist","title":"Tự kiểm tra","interactive":{"items":["Mình đọc đúng cao độ + trường độ","Mình bấm đúng vị trí trên cần đàn","Giữ nhịp đều theo metronome"]}}]'::jsonb)
ON CONFLICT (id) DO UPDATE SET lesson_id = EXCLUDED.lesson_id, title = EXCLUDED.title, status = EXCLUDED.status, reward_xp = EXCLUDED.reward_xp, slides = EXCLUDED.slides;

-- Thị tấu 9 — trọn cần đàn
INSERT INTO edu_course_lessons (id, module_id, title, lesson_type, order_index, is_published, tier)
VALUES ('aa720000-0000-4000-8000-000000000009', 'ca720000-0000-4000-8000-000000000001', 'Thị tấu 9 — trọn cần đàn', 'flow', 9, true, 'free')
ON CONFLICT (id) DO UPDATE SET module_id = EXCLUDED.module_id, title = EXCLUDED.title, order_index = EXCLUDED.order_index, lesson_type = 'flow', is_published = true;

INSERT INTO flows (id, lesson_id, title, status, reward_xp, slides)
VALUES ('fa720000-0000-4000-8000-000000000009', 'aa720000-0000-4000-8000-000000000009', 'Thị tấu 9 — trọn cần đàn', 'published', 12, '[{"id":"thitau91","order":1,"logic":"DAN","type":"callout","title":"Thị tấu — đọc & đàn ngay","interactive":{"variant":"teacher"},"content":"Nhìn bản nhạc <b>lạ</b> rồi thử <b>Tự đàn ngay</b> (chưa nghe mẫu) — đó là <b>thị tấu</b>! Đọc tới đâu đàn tới đó, xong Nghe mẫu đối chiếu. Chạy qua <b>cả 6 dây</b> từ trầm lên cao."},{"id":"thitau92","order":2,"logic":"LAM","type":"note_practice","title":"Thị tấu 9 — trọn cần đàn","interactive":{"showDur":true,"beatsPerBar":4,"notes":[{"label":"Mi","freq":82.41,"string":6,"fret":0,"staff":-7,"dur":1},{"label":"Sol","freq":98,"string":6,"fret":3,"staff":-5,"dur":1},{"label":"Đô","freq":130.81,"string":5,"fret":3,"staff":-2,"dur":1},{"label":"Mi","freq":164.81,"string":4,"fret":2,"staff":0,"dur":1},{"label":"Sol","freq":196,"string":3,"fret":0,"staff":2,"dur":1},{"label":"Đô","freq":261.63,"string":2,"fret":1,"staff":5,"dur":1},{"label":"Mi","freq":329.63,"string":1,"fret":0,"staff":7,"dur":2}]}},{"id":"thitau93","order":3,"logic":"NGAM","type":"checklist","title":"Tự kiểm tra","interactive":{"items":["Mình đọc đúng cao độ + trường độ","Mình bấm đúng vị trí trên cần đàn","Giữ nhịp đều theo metronome"]}}]'::jsonb)
ON CONFLICT (id) DO UPDATE SET lesson_id = EXCLUDED.lesson_id, title = EXCLUDED.title, status = EXCLUDED.status, reward_xp = EXCLUDED.reward_xp, slides = EXCLUDED.slides;

NOTIFY pgrst, 'reload schema';
