-- Seed Tỉa nốt 1 vào DB. SINH TỰ ĐỘNG từ src/elearn/tiaNot1Lessons.json
-- (đừng sửa tay; sửa JSON rồi chạy: node db/gen_tianot_seed.cjs)
-- Tạo/chỉnh chương (edu_modules) + bài (edu_course_lessons flow) + flows (slides).
-- Idempotent: id cố định + ON CONFLICT DO UPDATE. is_published=true. Course: 4e80d7ec-3b99-426a-a090-990d37eb24c0

-- Xuất bản Bài 1 (Nốt Mi) cho đồng bộ
UPDATE edu_course_lessons SET is_published = true WHERE id = '0d0604ff-bdb4-474a-a088-d9e699c698bb';

-- ===== Chương 1: Vùng nốt đầu tiên =====
INSERT INTO edu_modules (id, course_id, name, order_index)
VALUES ('d2fa1b1f-b3bc-4084-a130-71beb14c98f2', '4e80d7ec-3b99-426a-a090-990d37eb24c0', 'Chương 1: Vùng nốt đầu tiên', 0)
ON CONFLICT (id) DO UPDATE SET name = EXCLUDED.name, order_index = EXCLUDED.order_index;

-- Bài 2: Cụm Mi – Fa – Sol
INSERT INTO edu_course_lessons (id, module_id, title, lesson_type, order_index, is_published, tier)
VALUES ('a2710000-0000-4000-8000-000000000002', 'd2fa1b1f-b3bc-4084-a130-71beb14c98f2', 'Bài 2: Cụm Mi – Fa – Sol', 'flow', 1, true, 'free')
ON CONFLICT (id) DO UPDATE SET module_id = EXCLUDED.module_id, title = EXCLUDED.title, order_index = EXCLUDED.order_index, lesson_type = 'flow', is_published = true;

INSERT INTO flows (id, lesson_id, title, status, reward_xp, slides)
VALUES ('f2710000-0000-4000-8000-000000000002', 'a2710000-0000-4000-8000-000000000002', 'Bài 2: Cụm Mi – Fa – Sol', 'published', 10, '[{"id":"c1","order":1,"logic":"DAN","type":"callout","title":"Cụm Mi – Fa – Sol","interactive":{"variant":"teacher"},"content":"Bạn đã chơi được nốt <b>Mi</b>. Hôm nay thêm <b>2 nốt mới</b> ngay cạnh nó — <b>Fa</b> và <b>Sol</b> — để có <b>cụm nốt đầu tiên</b>. Cùng một dây vẫn tạo ra nhiều nốt khác nhau."},{"id":"c2","order":2,"logic":"NHAN","type":"note_show","title":"Mi — ôn lại","interactive":{"label":"Mi","freq":329.63,"string":1,"fret":0,"staff":7,"showStaff":true,"showFretboard":true,"caption":"<b>Mi</b> bạn đã biết — dây 1 <b>buông</b> (○). Nghe lại cho chắc tai."}},{"id":"c3","order":3,"logic":"NHAN","type":"note_show","title":"Fa — nốt mới","interactive":{"label":"Fa","freq":349.23,"string":1,"fret":1,"staff":8,"showStaff":true,"showFretboard":true,"caption":"<b>Fa</b> — nốt mới: cùng dây, bấm <b>ngăn 1</b>. Trên khuông, Fa nằm ngay <b>trên</b> Mi một bậc."}},{"id":"c4","order":4,"logic":"NHAN","type":"note_show","title":"Sol — nốt mới","interactive":{"label":"Sol","freq":392,"string":1,"fret":3,"staff":9,"showStaff":true,"showFretboard":true,"caption":"<b>Sol</b> — nốt mới: cùng dây, bấm <b>ngăn 3</b>. Cao hơn Fa một bậc nữa."}},{"id":"c5","order":5,"logic":"LAM","type":"note_practice","title":"Đánh theo: Mi – Fa – Sol","interactive":{"notes":[{"label":"Mi","freq":329.63,"string":1,"fret":0,"staff":7},{"label":"Fa","freq":349.23,"string":1,"fret":1,"staff":8},{"label":"Sol","freq":392,"string":1,"fret":3,"staff":9},{"label":"Mi","freq":329.63,"string":1,"fret":0,"staff":7},{"label":"Fa","freq":349.23,"string":1,"fret":1,"staff":8},{"label":"Sol","freq":392,"string":1,"fret":3,"staff":9}],"hint":"Nếu bạn đã biết nhạc lý: giai đoạn này ta chưa học trường độ, nên mọi nốt đều vẽ giống nhau — dù khi phát, có nốt ngân dài, có nốt ngắn. Đây là chủ ý; nốt đen, trắng, tròn sẽ học ở phần sau."}},{"id":"c6","order":6,"logic":"NGAM","type":"checklist","title":"Tự kiểm tra","interactive":{"items":["Mình gảy được 3 nốt Mi – Fa – Sol, tiếng rõ","Mình thấy 3 nốt đi LÊN dần trên khuông nhạc","Cùng một dây mà ra được 3 nốt khác nhau"]}},{"id":"c7","order":7,"logic":"DAN","type":"callout","title":"Lời thầy","interactive":{"variant":"teacher"},"content":"Giỏi lắm! Bạn đã có <b>cụm nốt đầu tiên</b>. Bài sau, ta ghép 3 nốt này thành một <b>câu nhạc</b> — để thấy nốt là để tạo giai điệu, không phải học thuộc."}]'::jsonb)
ON CONFLICT (id) DO UPDATE SET lesson_id = EXCLUDED.lesson_id, title = EXCLUDED.title, status = EXCLUDED.status, reward_xp = EXCLUDED.reward_xp, slides = EXCLUDED.slides;

-- Bài 3: Câu nhạc đầu tiên
INSERT INTO edu_course_lessons (id, module_id, title, lesson_type, order_index, is_published, tier)
VALUES ('a2710000-0000-4000-8000-000000000003', 'd2fa1b1f-b3bc-4084-a130-71beb14c98f2', 'Bài 3: Câu nhạc đầu tiên', 'flow', 2, true, 'free')
ON CONFLICT (id) DO UPDATE SET module_id = EXCLUDED.module_id, title = EXCLUDED.title, order_index = EXCLUDED.order_index, lesson_type = 'flow', is_published = true;

INSERT INTO flows (id, lesson_id, title, status, reward_xp, slides)
VALUES ('f2710000-0000-4000-8000-000000000003', 'a2710000-0000-4000-8000-000000000003', 'Bài 3: Câu nhạc đầu tiên', 'published', 10, '[{"id":"n1","order":1,"logic":"DAN","type":"callout","title":"Câu nhạc đầu tiên","interactive":{"variant":"teacher"},"content":"Ba nốt <b>Mi – Fa – Sol</b> không chỉ để học thuộc. Ghép lại, ta có một <b>câu nhạc</b>: <b>Mi – Fa – Sol – Fa – Mi</b> — đi lên rồi đi xuống."},{"id":"n2","order":2,"logic":"NGHI","type":"text","title":"Một giai điệu nhỏ","content":"<p style=\"font-size:16px;line-height:1.7;margin:0;color:#3A352F\">Đọc theo thứ tự: <b>Mi → Fa → Sol → Fa → Mi</b>.<br/>Đi <b>lên</b> 3 nốt rồi đi <b>xuống</b> lại. Đó đã là một giai điệu — nốt nhạc dùng để vậy đó.</p>"},{"id":"n3","order":3,"logic":"LAM","type":"note_practice","title":"Đánh theo câu nhạc","interactive":{"notes":[{"label":"Mi","freq":329.63,"string":1,"fret":0,"staff":7},{"label":"Fa","freq":349.23,"string":1,"fret":1,"staff":8},{"label":"Sol","freq":392,"string":1,"fret":3,"staff":9},{"label":"Fa","freq":349.23,"string":1,"fret":1,"staff":8},{"label":"Mi","freq":329.63,"string":1,"fret":0,"staff":7}]}},{"id":"n4","order":4,"logic":"NGAM","type":"checklist","title":"Tự kiểm tra","interactive":{"items":["Mình chơi liền được câu Mi – Fa – Sol – Fa – Mi","Mình nghe ra giai điệu đi lên rồi đi xuống"]}},{"id":"n5","order":5,"logic":"DAN","type":"callout","title":"Lời thầy","interactive":{"variant":"teacher"},"content":"Tuyệt! Bạn vừa chơi <b>câu nhạc đầu tiên</b>. Nốt nhạc là để <b>tạo giai điệu</b>, không phải học thuộc rời rạc. Bài sau ta thêm một cụm nốt mới."}]'::jsonb)
ON CONFLICT (id) DO UPDATE SET lesson_id = EXCLUDED.lesson_id, title = EXCLUDED.title, status = EXCLUDED.status, reward_xp = EXCLUDED.reward_xp, slides = EXCLUDED.slides;

-- Bài 4: Cụm Si – Đô – Rê
INSERT INTO edu_course_lessons (id, module_id, title, lesson_type, order_index, is_published, tier)
VALUES ('a2710000-0000-4000-8000-000000000004', 'd2fa1b1f-b3bc-4084-a130-71beb14c98f2', 'Bài 4: Cụm Si – Đô – Rê', 'flow', 3, true, 'free')
ON CONFLICT (id) DO UPDATE SET module_id = EXCLUDED.module_id, title = EXCLUDED.title, order_index = EXCLUDED.order_index, lesson_type = 'flow', is_published = true;

INSERT INTO flows (id, lesson_id, title, status, reward_xp, slides)
VALUES ('f2710000-0000-4000-8000-000000000004', 'a2710000-0000-4000-8000-000000000004', 'Bài 4: Cụm Si – Đô – Rê', 'published', 10, '[{"id":"d1","order":1,"logic":"DAN","type":"callout","title":"Cụm Si – Đô – Rê","interactive":{"variant":"teacher"},"content":"Thêm một <b>cụm nốt mới</b>: <b>Si – Đô – Rê</b>. Cụm này nằm <b>thấp hơn</b> Mi – Fa – Sol một chút trên khuông nhạc."},{"id":"d2","order":2,"logic":"NHAN","type":"note_show","title":"Si","interactive":{"label":"Si","freq":246.94,"string":2,"fret":0,"staff":4,"showStaff":true,"showFretboard":true,"caption":"<b>Si</b> — dây 2 <b>buông</b> (○). Trên khuông, Si nằm ở <b>dòng kẻ giữa</b>."}},{"id":"d3","order":3,"logic":"NHAN","type":"note_show","title":"Đô","interactive":{"label":"Đô","freq":261.63,"string":2,"fret":1,"staff":5,"showStaff":true,"showFretboard":true,"caption":"<b>Đô</b> — cùng dây, bấm <b>ngăn 1</b>. Ngay trên Si một bậc."}},{"id":"d4","order":4,"logic":"NHAN","type":"note_show","title":"Rê","interactive":{"label":"Rê","freq":293.66,"string":2,"fret":3,"staff":6,"showStaff":true,"showFretboard":true,"caption":"<b>Rê</b> — cùng dây, bấm <b>ngăn 3</b>. Cao hơn Đô một bậc nữa."}},{"id":"d5","order":5,"logic":"LAM","type":"note_practice","title":"Đánh theo: Si – Đô – Rê","interactive":{"notes":[{"label":"Si","freq":246.94,"string":2,"fret":0,"staff":4},{"label":"Đô","freq":261.63,"string":2,"fret":1,"staff":5},{"label":"Rê","freq":293.66,"string":2,"fret":3,"staff":6},{"label":"Si","freq":246.94,"string":2,"fret":0,"staff":4},{"label":"Đô","freq":261.63,"string":2,"fret":1,"staff":5},{"label":"Rê","freq":293.66,"string":2,"fret":3,"staff":6}]}},{"id":"d6","order":6,"logic":"NGAM","type":"checklist","title":"Tự kiểm tra","interactive":{"items":["Mình gảy được Si – Đô – Rê, tiếng rõ","Mình thấy cụm này nằm thấp hơn Mi – Fa – Sol trên khuông"]}},{"id":"d7","order":7,"logic":"DAN","type":"callout","title":"Lời thầy","interactive":{"variant":"teacher"},"content":"Tốt lắm! Giờ bạn có <b>2 cụm nốt</b>. Bài sau ta gộp chúng thành một <b>vùng nốt</b> liền mạch."}]'::jsonb)
ON CONFLICT (id) DO UPDATE SET lesson_id = EXCLUDED.lesson_id, title = EXCLUDED.title, status = EXCLUDED.status, reward_xp = EXCLUDED.reward_xp, slides = EXCLUDED.slides;

-- Bài 5: Vùng nốt đầu tiên
INSERT INTO edu_course_lessons (id, module_id, title, lesson_type, order_index, is_published, tier)
VALUES ('a2710000-0000-4000-8000-000000000005', 'd2fa1b1f-b3bc-4084-a130-71beb14c98f2', 'Bài 5: Vùng nốt đầu tiên', 'flow', 4, true, 'free')
ON CONFLICT (id) DO UPDATE SET module_id = EXCLUDED.module_id, title = EXCLUDED.title, order_index = EXCLUDED.order_index, lesson_type = 'flow', is_published = true;

INSERT INTO flows (id, lesson_id, title, status, reward_xp, slides)
VALUES ('f2710000-0000-4000-8000-000000000005', 'a2710000-0000-4000-8000-000000000005', 'Bài 5: Vùng nốt đầu tiên', 'published', 10, '[{"id":"v1","order":1,"logic":"DAN","type":"callout","title":"Vùng nốt đầu tiên","interactive":{"variant":"teacher"},"content":"Gộp 2 cụm lại, ta có <b>vùng nốt đầu tiên</b>: <b>Si – Đô – Rê – Mi – Fa – Sol</b>. Một <b>vùng âm thanh</b> liền mạch — hãy nghĩ theo vùng, đừng nghĩ theo dây."},{"id":"v2","order":2,"logic":"NGHI","type":"text","title":"6 nốt đi lên","content":"<p style=\"font-size:16px;line-height:1.7;margin:0;color:#3A352F\">Sáu nốt đi <b>lên dần</b>: Si → Đô → Rê → Mi → Fa → Sol.<br/>Ba nốt đầu ở một dây, ba nốt sau ở dây cạnh — nhưng tai ta chỉ nghe <b>một vùng đi lên</b>.</p>"},{"id":"v3","order":3,"logic":"LAM","type":"note_practice","title":"Đánh theo cả vùng","interactive":{"notes":[{"label":"Si","freq":246.94,"string":2,"fret":0,"staff":4},{"label":"Đô","freq":261.63,"string":2,"fret":1,"staff":5},{"label":"Rê","freq":293.66,"string":2,"fret":3,"staff":6},{"label":"Mi","freq":329.63,"string":1,"fret":0,"staff":7},{"label":"Fa","freq":349.23,"string":1,"fret":1,"staff":8},{"label":"Sol","freq":392,"string":1,"fret":3,"staff":9}]}},{"id":"v4","order":4,"logic":"NGAM","type":"checklist","title":"Tự kiểm tra","interactive":{"items":["Mình chơi liền 6 nốt Si → Sol, đi lên đều","Mình thấy đây là một vùng âm thanh, không phải các dây rời rạc"]}},{"id":"v5","order":5,"logic":"DAN","type":"callout","title":"Lời thầy","interactive":{"variant":"teacher"},"content":"Rất vững! Bạn đã nắm <b>vùng nốt đầu tiên</b>. Bài cuối chương, ta đọc một <b>câu nhạc nhảy qua lại 2 dây</b> — năng lực thật khi tỉa nốt."}]'::jsonb)
ON CONFLICT (id) DO UPDATE SET lesson_id = EXCLUDED.lesson_id, title = EXCLUDED.title, status = EXCLUDED.status, reward_xp = EXCLUDED.reward_xp, slides = EXCLUDED.slides;

-- Bài 6: Đọc câu nhạc qua 2 dây
INSERT INTO edu_course_lessons (id, module_id, title, lesson_type, order_index, is_published, tier)
VALUES ('a2710000-0000-4000-8000-000000000006', 'd2fa1b1f-b3bc-4084-a130-71beb14c98f2', 'Bài 6: Đọc câu nhạc qua 2 dây', 'flow', 5, true, 'free')
ON CONFLICT (id) DO UPDATE SET module_id = EXCLUDED.module_id, title = EXCLUDED.title, order_index = EXCLUDED.order_index, lesson_type = 'flow', is_published = true;

INSERT INTO flows (id, lesson_id, title, status, reward_xp, slides)
VALUES ('f2710000-0000-4000-8000-000000000006', 'a2710000-0000-4000-8000-000000000006', 'Bài 6: Đọc câu nhạc qua 2 dây', 'published', 10, '[{"id":"t1","order":1,"logic":"DAN","type":"callout","title":"Câu nhạc qua 2 dây","interactive":{"variant":"teacher"},"content":"Bài hát thật luôn <b>nhảy qua lại</b> giữa các dây. Thử câu <b>Mi – Rê – Đô – Rê – Mi</b> — đi xuống dây cạnh rồi quay về."},{"id":"t2","order":2,"logic":"NGHI","type":"text","title":"Chuyển dây","content":"<p style=\"font-size:16px;line-height:1.7;margin:0;color:#3A352F\"><b>Mi</b> nằm một dây; <b>Rê</b> và <b>Đô</b> nằm dây cạnh.<br/>Đọc nốt là <b>chuyển dây</b> mượt theo giai điệu — đây mới là năng lực thật của tỉa nốt.</p>"},{"id":"t3","order":3,"logic":"LAM","type":"note_practice","title":"Đánh theo: Mi – Rê – Đô – Rê – Mi","interactive":{"notes":[{"label":"Mi","freq":329.63,"string":1,"fret":0,"staff":7},{"label":"Rê","freq":293.66,"string":2,"fret":3,"staff":6},{"label":"Đô","freq":261.63,"string":2,"fret":1,"staff":5},{"label":"Rê","freq":293.66,"string":2,"fret":3,"staff":6},{"label":"Mi","freq":329.63,"string":1,"fret":0,"staff":7}]}},{"id":"t4","order":4,"logic":"NGAM","type":"checklist","title":"Tự kiểm tra","interactive":{"items":["Mình chuyển được giữa 2 dây mà tiếng vẫn đều","Mình chơi liền câu Mi – Rê – Đô – Rê – Mi"]}},{"id":"t5","order":5,"logic":"DAN","type":"callout","title":"Lời thầy","interactive":{"variant":"teacher"},"content":"Xuất sắc! Bạn đã đọc và chơi được một câu nhạc <b>qua 2 dây</b>. Đây là nền của mọi bài tỉa nốt về sau — nốt nối thành giai điệu, dây chỉ là nơi đặt ngón."}]'::jsonb)
ON CONFLICT (id) DO UPDATE SET lesson_id = EXCLUDED.lesson_id, title = EXCLUDED.title, status = EXCLUDED.status, reward_xp = EXCLUDED.reward_xp, slides = EXCLUDED.slides;

-- ===== Chương 2: Mở rộng vùng nốt =====
INSERT INTO edu_modules (id, course_id, name, order_index)
VALUES ('c2710000-0000-4000-8000-000000000001', '4e80d7ec-3b99-426a-a090-990d37eb24c0', 'Chương 2: Mở rộng vùng nốt', 1)
ON CONFLICT (id) DO UPDATE SET name = EXCLUDED.name, order_index = EXCLUDED.order_index;

-- Bài 1: Cụm Sol – La
INSERT INTO edu_course_lessons (id, module_id, title, lesson_type, order_index, is_published, tier)
VALUES ('a2720000-0000-4000-8000-000000000001', 'c2710000-0000-4000-8000-000000000001', 'Bài 1: Cụm Sol – La', 'flow', 0, true, 'free')
ON CONFLICT (id) DO UPDATE SET module_id = EXCLUDED.module_id, title = EXCLUDED.title, order_index = EXCLUDED.order_index, lesson_type = 'flow', is_published = true;

INSERT INTO flows (id, lesson_id, title, status, reward_xp, slides)
VALUES ('f2720000-0000-4000-8000-000000000001', 'a2720000-0000-4000-8000-000000000001', 'Bài 1: Cụm Sol – La', 'published', 10, '[{"id":"s1","order":1,"logic":"DAN","type":"callout","title":"Mở rộng xuống dưới","interactive":{"variant":"teacher"},"content":"Bạn đã chơi vùng nốt cao (Si → Sol). Giờ ta <b>mở rộng xuống dưới</b> — thêm 2 nốt <b>thấp hơn</b>: <b>Sol</b> và <b>La</b>, nằm ở dây dày hơn."},{"id":"s2","order":2,"logic":"NHAN","type":"note_show","title":"Sol (thấp)","interactive":{"label":"Sol","freq":196,"string":3,"fret":0,"staff":2,"showStaff":true,"showFretboard":true,"caption":"<b>Sol</b> (thấp) — dây 3 <b>buông</b> (○). Nằm <b>thấp</b> trên khuông. Đây là Sol thấp hơn Sol cao đã học một quãng tám."}},{"id":"s3","order":3,"logic":"NHAN","type":"note_show","title":"La","interactive":{"label":"La","freq":220,"string":3,"fret":2,"staff":3,"showStaff":true,"showFretboard":true,"caption":"<b>La</b> — cùng dây, bấm <b>ngăn 2</b>. Ngay trên Sol một bậc."}},{"id":"s4","order":4,"logic":"LAM","type":"note_practice","title":"Đánh theo: Sol – La – Si","interactive":{"notes":[{"label":"Sol","freq":196,"string":3,"fret":0,"staff":2},{"label":"La","freq":220,"string":3,"fret":2,"staff":3},{"label":"Si","freq":246.94,"string":2,"fret":0,"staff":4},{"label":"Sol","freq":196,"string":3,"fret":0,"staff":2},{"label":"La","freq":220,"string":3,"fret":2,"staff":3},{"label":"Si","freq":246.94,"string":2,"fret":0,"staff":4}]}},{"id":"s5","order":5,"logic":"NGAM","type":"checklist","title":"Tự kiểm tra","interactive":{"items":["Mình gảy được Sol – La, tiếng rõ","Mình nghe ra chúng THẤP hơn vùng nốt cao","Sol – La nối lên được Si (nốt đã học)"]}},{"id":"s6","order":6,"logic":"DAN","type":"callout","title":"Lời thầy","interactive":{"variant":"teacher"},"content":"Tốt! Hai nốt này nối liền xuống dưới vùng cũ. Bài sau thêm vài nốt thấp hơn nữa."}]'::jsonb)
ON CONFLICT (id) DO UPDATE SET lesson_id = EXCLUDED.lesson_id, title = EXCLUDED.title, status = EXCLUDED.status, reward_xp = EXCLUDED.reward_xp, slides = EXCLUDED.slides;

-- Bài 2: Cụm Rê – Mi – Fa
INSERT INTO edu_course_lessons (id, module_id, title, lesson_type, order_index, is_published, tier)
VALUES ('a2720000-0000-4000-8000-000000000002', 'c2710000-0000-4000-8000-000000000001', 'Bài 2: Cụm Rê – Mi – Fa', 'flow', 1, true, 'free')
ON CONFLICT (id) DO UPDATE SET module_id = EXCLUDED.module_id, title = EXCLUDED.title, order_index = EXCLUDED.order_index, lesson_type = 'flow', is_published = true;

INSERT INTO flows (id, lesson_id, title, status, reward_xp, slides)
VALUES ('f2720000-0000-4000-8000-000000000002', 'a2720000-0000-4000-8000-000000000002', 'Bài 2: Cụm Rê – Mi – Fa', 'published', 10, '[{"id":"r1","order":1,"logic":"DAN","type":"callout","title":"Xuống thấp hơn nữa","interactive":{"variant":"teacher"},"content":"Thêm 3 nốt <b>thấp hơn nữa</b> ở dây dày hơn: <b>Rê – Mi – Fa</b>. Chúng nằm ở <b>đáy khuông nhạc</b>."},{"id":"r2","order":2,"logic":"NHAN","type":"note_show","title":"Rê","interactive":{"label":"Rê","freq":146.83,"string":4,"fret":0,"staff":-1,"showStaff":true,"showFretboard":true,"caption":"<b>Rê</b> — dây 4 <b>buông</b> (○). Nằm ngay <b>dưới dòng kẻ cuối</b> của khuông — nốt thấp nhất bài này."}},{"id":"r3","order":3,"logic":"NHAN","type":"note_show","title":"Mi (thấp)","interactive":{"label":"Mi","freq":164.81,"string":4,"fret":2,"staff":0,"showStaff":true,"showFretboard":true,"caption":"<b>Mi</b> (thấp) — cùng dây, bấm <b>ngăn 2</b>. Nằm <b>trên dòng kẻ cuối</b>. Thấp hơn Mi cao đã học một quãng tám."}},{"id":"r4","order":4,"logic":"NHAN","type":"note_show","title":"Fa (thấp)","interactive":{"label":"Fa","freq":174.61,"string":4,"fret":3,"staff":1,"showStaff":true,"showFretboard":true,"caption":"<b>Fa</b> (thấp) — cùng dây, bấm <b>ngăn 3</b>. Cao hơn Mi một bậc."}},{"id":"r5","order":5,"logic":"LAM","type":"note_practice","title":"Đánh theo: Rê – Mi – Fa","interactive":{"notes":[{"label":"Rê","freq":146.83,"string":4,"fret":0,"staff":-1},{"label":"Mi","freq":164.81,"string":4,"fret":2,"staff":0},{"label":"Fa","freq":174.61,"string":4,"fret":3,"staff":1},{"label":"Fa","freq":174.61,"string":4,"fret":3,"staff":1},{"label":"Mi","freq":164.81,"string":4,"fret":2,"staff":0},{"label":"Rê","freq":146.83,"string":4,"fret":0,"staff":-1}]}},{"id":"r6","order":6,"logic":"NGAM","type":"checklist","title":"Tự kiểm tra","interactive":{"items":["Mình gảy được Rê – Mi – Fa, tiếng rõ","Mình thấy Rê nằm dưới dòng kẻ cuối khuông"]}},{"id":"r7","order":7,"logic":"DAN","type":"callout","title":"Lời thầy","interactive":{"variant":"teacher"},"content":"Giỏi! Giờ bạn đọc được cả nốt <b>dưới khuông</b>. Bài sau gộp thành một vùng liền mạch."}]'::jsonb)
ON CONFLICT (id) DO UPDATE SET lesson_id = EXCLUDED.lesson_id, title = EXCLUDED.title, status = EXCLUDED.status, reward_xp = EXCLUDED.reward_xp, slides = EXCLUDED.slides;

-- Bài 3: Vùng nốt mở rộng
INSERT INTO edu_course_lessons (id, module_id, title, lesson_type, order_index, is_published, tier)
VALUES ('a2720000-0000-4000-8000-000000000003', 'c2710000-0000-4000-8000-000000000001', 'Bài 3: Vùng nốt mở rộng', 'flow', 2, true, 'free')
ON CONFLICT (id) DO UPDATE SET module_id = EXCLUDED.module_id, title = EXCLUDED.title, order_index = EXCLUDED.order_index, lesson_type = 'flow', is_published = true;

INSERT INTO flows (id, lesson_id, title, status, reward_xp, slides)
VALUES ('f2720000-0000-4000-8000-000000000003', 'a2720000-0000-4000-8000-000000000003', 'Bài 3: Vùng nốt mở rộng', 'published', 10, '[{"id":"v1","order":1,"logic":"DAN","type":"callout","title":"Vùng nốt mở rộng","interactive":{"variant":"teacher"},"content":"Gộp lại: <b>Rê – Mi – Fa – Sol – La</b> — một vùng nốt <b>thấp hơn</b>, nối ngay dưới vùng đã học."},{"id":"v2","order":2,"logic":"NGHI","type":"text","title":"5 nốt đi lên","content":"<p style=\"font-size:16px;line-height:1.7;margin:0;color:#3A352F\">Năm nốt đi <b>lên dần</b>: Rê → Mi → Fa → Sol → La. Hai nốt đầu ở dây dày, ba nốt sau nhích lên dây cạnh — tai chỉ nghe <b>một vùng đi lên</b>.</p>"},{"id":"v3","order":3,"logic":"LAM","type":"note_practice","title":"Đánh theo cả vùng","interactive":{"notes":[{"label":"Rê","freq":146.83,"string":4,"fret":0,"staff":-1},{"label":"Mi","freq":164.81,"string":4,"fret":2,"staff":0},{"label":"Fa","freq":174.61,"string":4,"fret":3,"staff":1},{"label":"Sol","freq":196,"string":3,"fret":0,"staff":2},{"label":"La","freq":220,"string":3,"fret":2,"staff":3}]}},{"id":"v4","order":4,"logic":"NGAM","type":"checklist","title":"Tự kiểm tra","interactive":{"items":["Mình chơi liền 5 nốt Rê → La, đi lên đều","Mình thấy đây là một vùng nốt, không phải dây rời rạc"]}},{"id":"v5","order":5,"logic":"DAN","type":"callout","title":"Lời thầy","interactive":{"variant":"teacher"},"content":"Rất vững! Bạn có thêm một vùng nốt. Bài cuối: nối vùng này với vùng cao thành cả một quãng tám."}]'::jsonb)
ON CONFLICT (id) DO UPDATE SET lesson_id = EXCLUDED.lesson_id, title = EXCLUDED.title, status = EXCLUDED.status, reward_xp = EXCLUDED.reward_xp, slides = EXCLUDED.slides;

-- Bài 4: Cả vùng — Rê lên Rê (một quãng tám)
INSERT INTO edu_course_lessons (id, module_id, title, lesson_type, order_index, is_published, tier)
VALUES ('a2720000-0000-4000-8000-000000000004', 'c2710000-0000-4000-8000-000000000001', 'Bài 4: Cả vùng — Rê lên Rê (một quãng tám)', 'flow', 3, true, 'free')
ON CONFLICT (id) DO UPDATE SET module_id = EXCLUDED.module_id, title = EXCLUDED.title, order_index = EXCLUDED.order_index, lesson_type = 'flow', is_published = true;

INSERT INTO flows (id, lesson_id, title, status, reward_xp, slides)
VALUES ('f2720000-0000-4000-8000-000000000004', 'a2720000-0000-4000-8000-000000000004', 'Bài 4: Cả vùng — Rê lên Rê (một quãng tám)', 'published', 10, '[{"id":"o1","order":1,"logic":"DAN","type":"callout","title":"Nối hai vùng","interactive":{"variant":"teacher"},"content":"Giờ nối <b>vùng thấp</b> và <b>vùng cao</b> thành một mạch dài: <b>Rê → Mi → Fa → Sol → La → Si → Đô → Rê</b> — trọn <b>một quãng tám</b>, qua 3 dây."},{"id":"o2","order":2,"logic":"NGHI","type":"text","title":"Đọc trôi qua 3 dây","content":"<p style=\"font-size:16px;line-height:1.7;margin:0;color:#3A352F\">Câu này đi từ <b>Rê thấp</b> (đáy khuông) lên tới <b>Rê cao</b> (giữa khuông) — chuyển mượt qua 3 dây. Đọc trôi cả câu = năng lực thật của tỉa nốt.</p>"},{"id":"o3","order":3,"logic":"LAM","type":"note_practice","title":"Đánh theo: cả quãng tám","interactive":{"notes":[{"label":"Rê","freq":146.83,"string":4,"fret":0,"staff":-1},{"label":"Mi","freq":164.81,"string":4,"fret":2,"staff":0},{"label":"Fa","freq":174.61,"string":4,"fret":3,"staff":1},{"label":"Sol","freq":196,"string":3,"fret":0,"staff":2},{"label":"La","freq":220,"string":3,"fret":2,"staff":3},{"label":"Si","freq":246.94,"string":2,"fret":0,"staff":4},{"label":"Đô","freq":261.63,"string":2,"fret":1,"staff":5},{"label":"Rê","freq":293.66,"string":2,"fret":3,"staff":6}]}},{"id":"o4","order":4,"logic":"NGAM","type":"checklist","title":"Tự kiểm tra","interactive":{"items":["Mình chơi liền Rê → Rê, chuyển dây mượt","Mình nghe ra giai điệu đi lên trọn một quãng tám"]}},{"id":"o5","order":5,"logic":"DAN","type":"callout","title":"Lời thầy","interactive":{"variant":"teacher"},"content":"Xuất sắc! Bạn đã đọc và chơi trọn một quãng tám ở thế tay 1 — nền của mọi bài tỉa nốt về sau."}]'::jsonb)
ON CONFLICT (id) DO UPDATE SET lesson_id = EXCLUDED.lesson_id, title = EXCLUDED.title, status = EXCLUDED.status, reward_xp = EXCLUDED.reward_xp, slides = EXCLUDED.slides;

-- ===== Chương 3: Xuống dây trầm — đọc trọn cần đàn =====
INSERT INTO edu_modules (id, course_id, name, order_index)
VALUES ('c3720000-0000-4000-8000-000000000001', '4e80d7ec-3b99-426a-a090-990d37eb24c0', 'Chương 3: Xuống dây trầm — đọc trọn cần đàn', 2)
ON CONFLICT (id) DO UPDATE SET name = EXCLUDED.name, order_index = EXCLUDED.order_index;

-- Bài 1: Cụm dây 5 — La – Si – Đô
INSERT INTO edu_course_lessons (id, module_id, title, lesson_type, order_index, is_published, tier)
VALUES ('a3720000-0000-4000-8000-000000000001', 'c3720000-0000-4000-8000-000000000001', 'Bài 1: Cụm dây 5 — La – Si – Đô', 'flow', 1, true, 'free')
ON CONFLICT (id) DO UPDATE SET module_id = EXCLUDED.module_id, title = EXCLUDED.title, order_index = EXCLUDED.order_index, lesson_type = 'flow', is_published = true;

INSERT INTO flows (id, lesson_id, title, status, reward_xp, slides)
VALUES ('f3720000-0000-4000-8000-000000000001', 'a3720000-0000-4000-8000-000000000001', 'Bài 1: Cụm dây 5 — La – Si – Đô', 'published', 10, '[{"id":"d51","order":1,"logic":"DAN","type":"callout","title":"Xuống dây trầm nhất","interactive":{"variant":"teacher"},"content":"Giờ ta xuống <b>hai dây to nhất</b> của đàn (dây 5 và dây 6). Nốt ở đây <b>rất trầm</b>, nằm sâu <b>dưới khuông</b> nên phải mượn thêm những vạch ngắn gọi là <b>dòng kẻ phụ</b>. Bài này làm quen dây 5: <b>La – Si – Đô</b>."},{"id":"d52","order":2,"logic":"NHAN","type":"note_show","title":"La (trầm)","interactive":{"label":"La","freq":110,"string":5,"fret":0,"staff":-4,"showStaff":true,"showFretboard":true,"caption":"<b>La</b> — dây 5 <b>buông</b> (○), dây to thứ hai. Trên khuông nó nằm <b>trên dòng kẻ phụ thứ hai</b> dưới khuông."}},{"id":"d53","order":3,"logic":"NHAN","type":"note_show","title":"Si (trầm)","interactive":{"label":"Si","freq":123.47,"string":5,"fret":2,"staff":-3,"showStaff":true,"showFretboard":true,"caption":"<b>Si</b> — cùng dây 5, bấm <b>ngón 2</b> ở <b>ngăn 2</b>. Cao hơn La một bậc."}},{"id":"d54","order":4,"logic":"NHAN","type":"note_show","title":"Đô (trầm)","interactive":{"label":"Đô","freq":130.81,"string":5,"fret":3,"staff":-2,"showStaff":true,"showFretboard":true,"caption":"<b>Đô</b> — cùng dây 5, bấm <b>ngón 3</b> ở <b>ngăn 3</b>. Nó nằm ngay <b>trên dòng kẻ phụ đầu tiên</b> sát dưới khuông — nốt Đô dễ nhớ."}},{"id":"d55","order":5,"logic":"LAM","type":"note_practice","title":"Đánh theo: La – Si – Đô","interactive":{"notes":[{"label":"La","freq":110,"string":5,"fret":0,"staff":-4},{"label":"Si","freq":123.47,"string":5,"fret":2,"staff":-3},{"label":"Đô","freq":130.81,"string":5,"fret":3,"staff":-2},{"label":"Đô","freq":130.81,"string":5,"fret":3,"staff":-2},{"label":"Si","freq":123.47,"string":5,"fret":2,"staff":-3},{"label":"La","freq":110,"string":5,"fret":0,"staff":-4}]}},{"id":"d56","order":6,"logic":"NGAM","type":"checklist","title":"Tự kiểm tra","interactive":{"items":["Mình gảy được La – Si – Đô ở dây 5, tiếng rõ và trầm","Mình thấy các nốt này nằm trên dòng kẻ phụ dưới khuông"]}},{"id":"d57","order":7,"logic":"DAN","type":"callout","title":"Lời thầy","interactive":{"variant":"teacher"},"content":"Tốt lắm! Bạn đã đọc được nốt <b>dưới khuông</b> nhờ dòng kẻ phụ. Bài sau xuống nốt <b>trầm nhất</b> — dây 6."}]'::jsonb)
ON CONFLICT (id) DO UPDATE SET lesson_id = EXCLUDED.lesson_id, title = EXCLUDED.title, status = EXCLUDED.status, reward_xp = EXCLUDED.reward_xp, slides = EXCLUDED.slides;

-- Bài 2: Cụm dây 6 — Mi – Fa – Sol
INSERT INTO edu_course_lessons (id, module_id, title, lesson_type, order_index, is_published, tier)
VALUES ('a3720000-0000-4000-8000-000000000002', 'c3720000-0000-4000-8000-000000000001', 'Bài 2: Cụm dây 6 — Mi – Fa – Sol', 'flow', 2, true, 'free')
ON CONFLICT (id) DO UPDATE SET module_id = EXCLUDED.module_id, title = EXCLUDED.title, order_index = EXCLUDED.order_index, lesson_type = 'flow', is_published = true;

INSERT INTO flows (id, lesson_id, title, status, reward_xp, slides)
VALUES ('f3720000-0000-4000-8000-000000000002', 'a3720000-0000-4000-8000-000000000002', 'Bài 2: Cụm dây 6 — Mi – Fa – Sol', 'published', 10, '[{"id":"d61","order":1,"logic":"DAN","type":"callout","title":"Dây trầm nhất","interactive":{"variant":"teacher"},"content":"Cuối cùng là <b>dây 6</b> — dây <b>to nhất, trầm nhất</b> của đàn. Ba nốt <b>Mi – Fa – Sol</b> ở đây nằm sâu nhất dưới khuông, phải dùng tới <b>ba dòng kẻ phụ</b>. Đừng ngại — cứ nhìn vị trí trên cần đàn là chơi được."},{"id":"d62","order":2,"logic":"NHAN","type":"note_show","title":"Mi (trầm nhất)","interactive":{"label":"Mi","freq":82.41,"string":6,"fret":0,"staff":-7,"showStaff":true,"showFretboard":true,"caption":"<b>Mi</b> — dây 6 <b>buông</b> (○), nốt <b>trầm nhất</b> của cây đàn. Trùng tên với Mi cao ở dây 1, nhưng thấp hơn <b>hai quãng tám</b>."}},{"id":"d63","order":3,"logic":"NHAN","type":"note_show","title":"Fa (trầm)","interactive":{"label":"Fa","freq":87.31,"string":6,"fret":1,"staff":-6,"showStaff":true,"showFretboard":true,"caption":"<b>Fa</b> — cùng dây 6, bấm <b>ngón 1</b> ở <b>ngăn 1</b>. Cao hơn Mi một bậc."}},{"id":"d64","order":4,"logic":"NHAN","type":"note_show","title":"Sol (trầm)","interactive":{"label":"Sol","freq":98,"string":6,"fret":3,"staff":-5,"showStaff":true,"showFretboard":true,"caption":"<b>Sol</b> — cùng dây 6, bấm <b>ngón 3</b> ở <b>ngăn 3</b>. Cao hơn Fa một bậc."}},{"id":"d65","order":5,"logic":"LAM","type":"note_practice","title":"Đánh theo: Mi – Fa – Sol","interactive":{"notes":[{"label":"Mi","freq":82.41,"string":6,"fret":0,"staff":-7},{"label":"Fa","freq":87.31,"string":6,"fret":1,"staff":-6},{"label":"Sol","freq":98,"string":6,"fret":3,"staff":-5},{"label":"Sol","freq":98,"string":6,"fret":3,"staff":-5},{"label":"Fa","freq":87.31,"string":6,"fret":1,"staff":-6},{"label":"Mi","freq":82.41,"string":6,"fret":0,"staff":-7}]}},{"id":"d66","order":6,"logic":"NGAM","type":"checklist","title":"Tự kiểm tra","interactive":{"items":["Mình gảy được Mi – Fa – Sol ở dây 6, tiếng trầm và rõ","Mình đọc được nốt dù nằm sâu dưới khuông (ba dòng kẻ phụ)"]}},{"id":"d67","order":7,"logic":"DAN","type":"callout","title":"Lời thầy","interactive":{"variant":"teacher"},"content":"Xuất sắc! Bạn vừa chinh phục vùng <b>trầm nhất</b> của cây đàn. Bài sau ta <b>nối các dây trầm</b> lại thành một câu chạy liền mạch."}]'::jsonb)
ON CONFLICT (id) DO UPDATE SET lesson_id = EXCLUDED.lesson_id, title = EXCLUDED.title, status = EXCLUDED.status, reward_xp = EXCLUDED.reward_xp, slides = EXCLUDED.slides;

-- Bài 3: Nối câu qua dây 6 → 5 → 4
INSERT INTO edu_course_lessons (id, module_id, title, lesson_type, order_index, is_published, tier)
VALUES ('a3720000-0000-4000-8000-000000000003', 'c3720000-0000-4000-8000-000000000001', 'Bài 3: Nối câu qua dây 6 → 5 → 4', 'flow', 3, true, 'free')
ON CONFLICT (id) DO UPDATE SET module_id = EXCLUDED.module_id, title = EXCLUDED.title, order_index = EXCLUDED.order_index, lesson_type = 'flow', is_published = true;

INSERT INTO flows (id, lesson_id, title, status, reward_xp, slides)
VALUES ('f3720000-0000-4000-8000-000000000003', 'a3720000-0000-4000-8000-000000000003', 'Bài 3: Nối câu qua dây 6 → 5 → 4', 'published', 12, '[{"id":"t1","order":1,"logic":"DAN","type":"callout","title":"Nối các dây trầm","interactive":{"variant":"teacher"},"content":"Bạn đã biết từng cụm ở dây 6, dây 5, dây 4. Giờ ta <b>nối chúng lại</b> thành một câu chạy liền: bắt đầu từ <b>Mi trầm nhất</b> (dây 6), đi lên trọn <b>một quãng tám</b> tới <b>Mi ở dây 4</b>."},{"id":"t2","order":2,"logic":"NGHI","type":"text","title":"Chuyển dây khi đang chơi","content":"<p style=\"font-size:16px;line-height:1.7;margin:0;color:#3A352F\">Câu này đi lên: cứ chơi hết <b>3 nốt</b> một dây là <b>sang dây mảnh hơn</b> (dây 6 → 5 → 4). Việc <b>chuyển dây mượt</b> khi đang chơi mới là kỹ năng thật của tỉa nốt — hãy đi <b>chậm</b>, nghe cho liền mạch.</p>"},{"id":"t3","order":3,"logic":"LAM","type":"note_practice","title":"Đánh theo: một quãng tám vùng trầm","interactive":{"notes":[{"label":"Mi","freq":82.41,"string":6,"fret":0,"staff":-7},{"label":"Fa","freq":87.31,"string":6,"fret":1,"staff":-6},{"label":"Sol","freq":98,"string":6,"fret":3,"staff":-5},{"label":"La","freq":110,"string":5,"fret":0,"staff":-4},{"label":"Si","freq":123.47,"string":5,"fret":2,"staff":-3},{"label":"Đô","freq":130.81,"string":5,"fret":3,"staff":-2},{"label":"Rê","freq":146.83,"string":4,"fret":0,"staff":-1},{"label":"Mi","freq":164.81,"string":4,"fret":2,"staff":0}]}},{"id":"t4","order":4,"logic":"NGAM","type":"checklist","title":"Tự kiểm tra","interactive":{"items":["Mình chơi liền Mi (dây 6) lên tới Mi (dây 4), chuyển dây mượt","Mình nghe ra giai điệu đi lên trọn một quãng tám ở vùng trầm"]}},{"id":"t5","order":5,"logic":"DAN","type":"callout","title":"Lời thầy","interactive":{"variant":"teacher"},"content":"Tuyệt vời! Bạn vừa đọc và chơi trọn <b>một quãng tám vùng trầm</b> qua ba dây. Bài cuối chương ta nối luôn <b>từ nốt trầm nhất lên tận nốt cao nhất</b> — đọc trọn cần đàn."}]'::jsonb)
ON CONFLICT (id) DO UPDATE SET lesson_id = EXCLUDED.lesson_id, title = EXCLUDED.title, status = EXCLUDED.status, reward_xp = EXCLUDED.reward_xp, slides = EXCLUDED.slides;

-- Bài 4: Đọc trọn cần đàn — hai quãng tám
INSERT INTO edu_course_lessons (id, module_id, title, lesson_type, order_index, is_published, tier)
VALUES ('a3720000-0000-4000-8000-000000000004', 'c3720000-0000-4000-8000-000000000001', 'Bài 4: Đọc trọn cần đàn — hai quãng tám', 'flow', 4, true, 'free')
ON CONFLICT (id) DO UPDATE SET module_id = EXCLUDED.module_id, title = EXCLUDED.title, order_index = EXCLUDED.order_index, lesson_type = 'flow', is_published = true;

INSERT INTO flows (id, lesson_id, title, status, reward_xp, slides)
VALUES ('f3720000-0000-4000-8000-000000000004', 'a3720000-0000-4000-8000-000000000004', 'Bài 4: Đọc trọn cần đàn — hai quãng tám', 'published', 15, '[{"id":"o1","order":1,"logic":"DAN","type":"callout","title":"Bài tổng kết chương","interactive":{"variant":"teacher"},"content":"Đây là bài <b>tổng kết</b>: ta đọc <b>trọn cần đàn</b> ở thế tay 1 — từ <b>Mi trầm nhất</b> (dây 6) đi lên tận <b>Mi ở dây 1</b> (chính nốt đầu tiên bạn học ở đầu khoá!). Trọn <b>hai quãng tám</b>, qua cả <b>sáu dây</b>."},{"id":"o2","order":2,"logic":"NGHI","type":"text","title":"Cả cần đàn trong một câu","content":"<p style=\"font-size:16px;line-height:1.7;margin:0;color:#3A352F\">Câu này chính là <b>âm giai nền tảng</b> ở thế tay 1: cứ vài nốt lại sang một dây. Đi thật <b>chậm</b>, đọc tên từng nốt. Thuộc câu này là bạn <b>đọc được nốt ở khắp cần đàn</b> — nền của mọi bài nhạc.</p>"},{"id":"o3","order":3,"logic":"LAM","type":"note_practice","title":"Đánh theo: trọn hai quãng tám","interactive":{"notes":[{"label":"Mi","freq":82.41,"string":6,"fret":0,"staff":-7},{"label":"Fa","freq":87.31,"string":6,"fret":1,"staff":-6},{"label":"Sol","freq":98,"string":6,"fret":3,"staff":-5},{"label":"La","freq":110,"string":5,"fret":0,"staff":-4},{"label":"Si","freq":123.47,"string":5,"fret":2,"staff":-3},{"label":"Đô","freq":130.81,"string":5,"fret":3,"staff":-2},{"label":"Rê","freq":146.83,"string":4,"fret":0,"staff":-1},{"label":"Mi","freq":164.81,"string":4,"fret":2,"staff":0},{"label":"Fa","freq":174.61,"string":4,"fret":3,"staff":1},{"label":"Sol","freq":196,"string":3,"fret":0,"staff":2},{"label":"La","freq":220,"string":3,"fret":2,"staff":3},{"label":"Si","freq":246.94,"string":2,"fret":0,"staff":4},{"label":"Đô","freq":261.63,"string":2,"fret":1,"staff":5},{"label":"Rê","freq":293.66,"string":2,"fret":3,"staff":6},{"label":"Mi","freq":329.63,"string":1,"fret":0,"staff":7}]}},{"id":"o4","order":4,"logic":"NGAM","type":"checklist","title":"Tự kiểm tra","interactive":{"items":["Mình chơi liền từ Mi (dây 6) lên Mi (dây 1), chuyển dây mượt","Mình đọc được tên nốt ở cả vùng trầm lẫn vùng cao","Mình nghe ra giai điệu đi lên trọn hai quãng tám"]}},{"id":"o5","order":5,"logic":"DAN","type":"callout","title":"Chúc mừng!","interactive":{"variant":"teacher"},"content":"Hoàn thành chương! Bạn đã <b>đọc được nốt khắp cần đàn</b> ở thế tay 1 — từ trầm nhất tới cao. Đây là nền tảng vững để sang <b>Chương 4 — Chơi bài hát</b>. Giỏi lắm!"}]'::jsonb)
ON CONFLICT (id) DO UPDATE SET lesson_id = EXCLUDED.lesson_id, title = EXCLUDED.title, status = EXCLUDED.status, reward_xp = EXCLUDED.reward_xp, slides = EXCLUDED.slides;

-- ===== Chương 4: Chơi bài hát =====
INSERT INTO edu_modules (id, course_id, name, order_index)
VALUES ('c3710000-0000-4000-8000-000000000001', '4e80d7ec-3b99-426a-a090-990d37eb24c0', 'Chương 4: Chơi bài hát', 3)
ON CONFLICT (id) DO UPDATE SET name = EXCLUDED.name, order_index = EXCLUDED.order_index;

-- Bài 1: Happy Birthday
INSERT INTO edu_course_lessons (id, module_id, title, lesson_type, order_index, is_published, tier)
VALUES ('a2730000-0000-4000-8000-000000000002', 'c3710000-0000-4000-8000-000000000001', 'Bài 1: Happy Birthday', 'flow', 0, true, 'free')
ON CONFLICT (id) DO UPDATE SET module_id = EXCLUDED.module_id, title = EXCLUDED.title, order_index = EXCLUDED.order_index, lesson_type = 'flow', is_published = true;

INSERT INTO flows (id, lesson_id, title, status, reward_xp, slides)
VALUES ('f2730000-0000-4000-8000-000000000002', 'a2730000-0000-4000-8000-000000000002', 'Bài 1: Happy Birthday', 'published', 15, '[{"id":"h1","order":1,"logic":"DAN","type":"callout","title":"Chơi Happy Birthday","interactive":{"variant":"teacher"},"content":"Bài đầu tiên: <b>Happy Birthday</b> — khúc chúc mừng sinh nhật ai cũng biết! Nó dùng đúng các nốt bạn đã học, trải trên <b>cả 3 dây</b>."},{"id":"h2","order":2,"logic":"NGHI","type":"text","title":"Đi qua 3 dây","content":"<p style=\"font-size:16px;line-height:1.7;margin:0;color:#3A352F\">Bài này đi từ vùng thấp (<b>Sol – La</b> dây 3) qua <b>Si – Đô – Rê</b> (dây 2) lên tới <b>Mi – Fa – Sol</b> (dây 1). Có chỗ nhảy xa (đoạn \"birthday dear...\") — cứ <b>chậm rãi</b>. Bấm <b>Nghe mẫu</b> để nghe đúng giai điệu trước.</p>"},{"id":"h3","order":3,"logic":"LAM","type":"note_practice","title":"Đánh theo: Happy Birthday","interactive":{"notes":[{"label":"Sol","freq":196,"string":3,"fret":0,"staff":2,"dur":0.75},{"label":"Sol","freq":196,"string":3,"fret":0,"staff":2,"dur":0.25},{"label":"La","freq":220,"string":3,"fret":2,"staff":3,"dur":1},{"label":"Sol","freq":196,"string":3,"fret":0,"staff":2,"dur":1},{"label":"Đô","freq":261.63,"string":2,"fret":1,"staff":5,"dur":1},{"label":"Si","freq":246.94,"string":2,"fret":0,"staff":4,"dur":2},{"label":"Sol","freq":196,"string":3,"fret":0,"staff":2,"dur":0.75},{"label":"Sol","freq":196,"string":3,"fret":0,"staff":2,"dur":0.25},{"label":"La","freq":220,"string":3,"fret":2,"staff":3,"dur":1},{"label":"Sol","freq":196,"string":3,"fret":0,"staff":2,"dur":1},{"label":"Rê","freq":293.66,"string":2,"fret":3,"staff":6,"dur":1},{"label":"Đô","freq":261.63,"string":2,"fret":1,"staff":5,"dur":2},{"label":"Sol","freq":196,"string":3,"fret":0,"staff":2,"dur":0.75},{"label":"Sol","freq":196,"string":3,"fret":0,"staff":2,"dur":0.25},{"label":"Sol","freq":392,"string":1,"fret":3,"staff":9,"dur":1},{"label":"Mi","freq":329.63,"string":1,"fret":0,"staff":7,"dur":1},{"label":"Đô","freq":261.63,"string":2,"fret":1,"staff":5,"dur":1},{"label":"Si","freq":246.94,"string":2,"fret":0,"staff":4,"dur":1},{"label":"La","freq":220,"string":3,"fret":2,"staff":3,"dur":1},{"label":"Fa","freq":349.23,"string":1,"fret":1,"staff":8,"dur":0.75},{"label":"Fa","freq":349.23,"string":1,"fret":1,"staff":8,"dur":0.25},{"label":"Mi","freq":329.63,"string":1,"fret":0,"staff":7,"dur":1},{"label":"Đô","freq":261.63,"string":2,"fret":1,"staff":5,"dur":1},{"label":"Rê","freq":293.66,"string":2,"fret":3,"staff":6,"dur":1},{"label":"Đô","freq":261.63,"string":2,"fret":1,"staff":5,"dur":2}]}},{"id":"h4","order":4,"logic":"NGAM","type":"checklist","title":"Tự kiểm tra","interactive":{"items":["Mình chơi hết được giai điệu, đúng các nốt","Mình nhận ra đúng bài Happy Birthday","Mình chuyển được qua cả 3 dây"]}},{"id":"h5","order":5,"logic":"DAN","type":"callout","title":"Lời thầy","interactive":{"variant":"teacher"},"content":"Tuyệt vời! Bạn vừa chơi trọn một bài hát <b>qua cả 3 dây</b> — áp dụng mọi nốt đã học. Bài sau: một giai điệu quen khác — Ode to Joy."}]'::jsonb)
ON CONFLICT (id) DO UPDATE SET lesson_id = EXCLUDED.lesson_id, title = EXCLUDED.title, status = EXCLUDED.status, reward_xp = EXCLUDED.reward_xp, slides = EXCLUDED.slides;

-- Bài 2: Ode to Joy (Niềm Vui)
INSERT INTO edu_course_lessons (id, module_id, title, lesson_type, order_index, is_published, tier)
VALUES ('a2730000-0000-4000-8000-000000000001', 'c3710000-0000-4000-8000-000000000001', 'Bài 2: Ode to Joy (Niềm Vui)', 'flow', 1, true, 'free')
ON CONFLICT (id) DO UPDATE SET module_id = EXCLUDED.module_id, title = EXCLUDED.title, order_index = EXCLUDED.order_index, lesson_type = 'flow', is_published = true;

INSERT INTO flows (id, lesson_id, title, status, reward_xp, slides)
VALUES ('f2730000-0000-4000-8000-000000000001', 'a2730000-0000-4000-8000-000000000001', 'Bài 2: Ode to Joy (Niềm Vui)', 'published', 15, '[{"id":"j1","order":1,"logic":"DAN","type":"callout","title":"Bài hát thật đầu tiên","interactive":{"variant":"teacher"},"content":"Thêm một <b>bài hát</b> nữa: <b>Ode to Joy</b> (Niềm Vui) của Beethoven — giai điệu quen thuộc. Nó chỉ dùng các nốt <b>Đô – Rê – Mi – Fa – Sol</b> đã học."},{"id":"j2","order":2,"logic":"NGHI","type":"text","title":"Giai điệu này quen mà!","content":"<p style=\"font-size:16px;line-height:1.7;margin:0;color:#3A352F\">Cả bài đi quanh vùng <b>Đô → Sol</b>, có chuyển qua lại giữa <b>dây 1</b> (Mi-Fa-Sol) và <b>dây 2</b> (Đô-Rê).<br/>Chơi <b>đều từng nốt</b> cho đúng cao độ trước — <b>nhịp điệu ngắn-dài</b> để bài sau.</p>"},{"id":"j3","order":3,"logic":"LAM","type":"note_practice","title":"Đánh theo: Ode to Joy","interactive":{"notes":[{"label":"Mi","freq":329.63,"string":1,"fret":0,"staff":7,"dur":1},{"label":"Mi","freq":329.63,"string":1,"fret":0,"staff":7,"dur":1},{"label":"Fa","freq":349.23,"string":1,"fret":1,"staff":8,"dur":1},{"label":"Sol","freq":392,"string":1,"fret":3,"staff":9,"dur":1},{"label":"Sol","freq":392,"string":1,"fret":3,"staff":9,"dur":1},{"label":"Fa","freq":349.23,"string":1,"fret":1,"staff":8,"dur":1},{"label":"Mi","freq":329.63,"string":1,"fret":0,"staff":7,"dur":1},{"label":"Rê","freq":293.66,"string":2,"fret":3,"staff":6,"dur":1},{"label":"Đô","freq":261.63,"string":2,"fret":1,"staff":5,"dur":1},{"label":"Đô","freq":261.63,"string":2,"fret":1,"staff":5,"dur":1},{"label":"Rê","freq":293.66,"string":2,"fret":3,"staff":6,"dur":1},{"label":"Mi","freq":329.63,"string":1,"fret":0,"staff":7,"dur":1},{"label":"Mi","freq":329.63,"string":1,"fret":0,"staff":7,"dur":1.5},{"label":"Rê","freq":293.66,"string":2,"fret":3,"staff":6,"dur":0.5},{"label":"Rê","freq":293.66,"string":2,"fret":3,"staff":6,"dur":2}]}},{"id":"j4","order":4,"logic":"NGAM","type":"checklist","title":"Tự kiểm tra","interactive":{"items":["Mình chơi hết được giai điệu, đúng các nốt","Mình nhận ra đúng bài Ode to Joy quen thuộc","Mình chuyển dây 1↔2 mà tiếng vẫn đều"]}},{"id":"j5","order":5,"logic":"DAN","type":"callout","title":"Lời thầy","interactive":{"variant":"teacher"},"content":"Tuyệt vời! Hai bài hát bạn đã chơi được chỉ từ những nốt đã học. Đây là lý do ta học nốt: để chơi được nhạc thật."}]'::jsonb)
ON CONFLICT (id) DO UPDATE SET lesson_id = EXCLUDED.lesson_id, title = EXCLUDED.title, status = EXCLUDED.status, reward_xp = EXCLUDED.reward_xp, slides = EXCLUDED.slides;

-- Bài 3: Kìa con bướm vàng
INSERT INTO edu_course_lessons (id, module_id, title, lesson_type, order_index, is_published, tier)
VALUES ('a2730000-0000-4000-8000-000000000003', 'c3710000-0000-4000-8000-000000000001', 'Bài 3: Kìa con bướm vàng', 'flow', 2, true, 'free')
ON CONFLICT (id) DO UPDATE SET module_id = EXCLUDED.module_id, title = EXCLUDED.title, order_index = EXCLUDED.order_index, lesson_type = 'flow', is_published = true;

INSERT INTO flows (id, lesson_id, title, status, reward_xp, slides)
VALUES ('f2730000-0000-4000-8000-000000000003', 'a2730000-0000-4000-8000-000000000003', 'Bài 3: Kìa con bướm vàng', 'published', 15, '[{"id":"b1","order":1,"logic":"DAN","type":"callout","title":"Chơi: Kìa con bướm vàng","interactive":{"variant":"teacher"},"content":"Một giai điệu quen thuộc ai cũng biết! Bài này đặt ở <b>vùng trầm</b> để bạn dùng luôn các dây <b>3–4–5–6</b> vừa học. Câu cuối \"em ngồi xem\" có một nốt <b>Sol thật trầm</b> ở dây 6 — nghe như tiếng chuông."},{"id":"b2","order":2,"logic":"NGHI","type":"text","title":"Đi quanh vùng trầm","content":"<p style=\"font-size:16px;line-height:1.7;margin:0;color:#3A352F\">Giai điệu đi quanh <b>Đô – Rê – Mi – Fa – Sol – La</b> ở dây 5-4-3, riêng câu cuối chạm xuống <b>Sol dây 6</b>. Bấm <b>Nghe mẫu</b> nghe trước, rồi đàn theo thật <b>chậm rãi</b>.</p>"},{"id":"b3","order":3,"logic":"LAM","type":"note_practice","title":"Đánh theo: Kìa con bướm vàng","interactive":{"notes":[{"label":"Đô","freq":130.81,"string":5,"fret":3,"staff":-2,"dur":1},{"label":"Rê","freq":146.83,"string":4,"fret":0,"staff":-1,"dur":1},{"label":"Mi","freq":164.81,"string":4,"fret":2,"staff":0,"dur":1},{"label":"Đô","freq":130.81,"string":5,"fret":3,"staff":-2,"dur":1},{"label":"Đô","freq":130.81,"string":5,"fret":3,"staff":-2,"dur":1},{"label":"Rê","freq":146.83,"string":4,"fret":0,"staff":-1,"dur":1},{"label":"Mi","freq":164.81,"string":4,"fret":2,"staff":0,"dur":1},{"label":"Đô","freq":130.81,"string":5,"fret":3,"staff":-2,"dur":1},{"label":"Mi","freq":164.81,"string":4,"fret":2,"staff":0,"dur":1},{"label":"Fa","freq":174.61,"string":4,"fret":3,"staff":1,"dur":1},{"label":"Sol","freq":196,"string":3,"fret":0,"staff":2,"dur":2},{"label":"Mi","freq":164.81,"string":4,"fret":2,"staff":0,"dur":1},{"label":"Fa","freq":174.61,"string":4,"fret":3,"staff":1,"dur":1},{"label":"Sol","freq":196,"string":3,"fret":0,"staff":2,"dur":2},{"label":"Sol","freq":196,"string":3,"fret":0,"staff":2,"dur":0.5},{"label":"La","freq":220,"string":3,"fret":2,"staff":3,"dur":0.5},{"label":"Sol","freq":196,"string":3,"fret":0,"staff":2,"dur":0.5},{"label":"Fa","freq":174.61,"string":4,"fret":3,"staff":1,"dur":0.5},{"label":"Mi","freq":164.81,"string":4,"fret":2,"staff":0,"dur":1},{"label":"Đô","freq":130.81,"string":5,"fret":3,"staff":-2,"dur":1},{"label":"Sol","freq":196,"string":3,"fret":0,"staff":2,"dur":0.5},{"label":"La","freq":220,"string":3,"fret":2,"staff":3,"dur":0.5},{"label":"Sol","freq":196,"string":3,"fret":0,"staff":2,"dur":0.5},{"label":"Fa","freq":174.61,"string":4,"fret":3,"staff":1,"dur":0.5},{"label":"Mi","freq":164.81,"string":4,"fret":2,"staff":0,"dur":1},{"label":"Đô","freq":130.81,"string":5,"fret":3,"staff":-2,"dur":1},{"label":"Đô","freq":130.81,"string":5,"fret":3,"staff":-2,"dur":1},{"label":"Sol","freq":98,"string":6,"fret":3,"staff":-5,"dur":1},{"label":"Đô","freq":130.81,"string":5,"fret":3,"staff":-2,"dur":2},{"label":"Đô","freq":130.81,"string":5,"fret":3,"staff":-2,"dur":1},{"label":"Sol","freq":98,"string":6,"fret":3,"staff":-5,"dur":1},{"label":"Đô","freq":130.81,"string":5,"fret":3,"staff":-2,"dur":2}]}},{"id":"b4","order":4,"logic":"NGAM","type":"checklist","title":"Tự kiểm tra","interactive":{"items":["Mình chơi được trọn bài, chuyển dây 3-4-5 mượt","Mình chạm được nốt Sol trầm ở dây 6 câu cuối","Mình nghe ra đúng giai điệu Kìa con bướm vàng"]}},{"id":"b5","order":5,"logic":"DAN","type":"callout","title":"Lời thầy","interactive":{"variant":"teacher"},"content":"Tuyệt! Bạn vừa chơi một bài hát hoàn chỉnh ở <b>vùng trầm</b> — dùng đúng những dây vừa học ở chương trước. Nốt trầm làm bài nghe ấm và đầy đặn hơn."}]'::jsonb)
ON CONFLICT (id) DO UPDATE SET lesson_id = EXCLUDED.lesson_id, title = EXCLUDED.title, status = EXCLUDED.status, reward_xp = EXCLUDED.reward_xp, slides = EXCLUDED.slides;

NOTIFY pgrst, 'reload schema';
